Q1,Q2,Q3,Q4,Q5,Q6,Q7,Q8,Q9,Q10,Q11,Q12,Q13,Q14,Q15,Q16,Q17,Q18,Q19,Q20,Job_Role
4,5,3,5,5,2,3,3,3,5,4,3,5,2,4,2,4,5,1,4,Career_1
2,5,4,1,1,3,3,2,4,4,3,4,4,1,3,5,3,5,1,2,Career_1
4,1,4,2,2,1,2,5,2,4,4,4,4,5,3,1,4,2,4,2,Career_1
2,4,5,2,2,4,2,2,4,4,1,5,5,2,5,2,1,4,4,4,Career_1
5,1,5,5,1,1,1,1,4,3,3,1,3,3,1,3,5,2,2,1,Career_1
4,1,4,2,1,5,3,4,3,3,1,3,5,3,1,5,2,3,1,2,Career_1
2,4,5,3,1,4,5,4,5,5,3,5,4,5,3,3,4,2,2,5,Career_1
1,5,4,4,4,4,4,3,2,4,1,1,1,1,3,1,4,5,1,3,Career_1
3,1,5,1,3,2,4,3,1,4,1,1,2,4,4,2,3,1,5,1,Career_1
1,3,1,2,2,4,5,1,1,3,2,5,4,2,4,3,3,1,5,4,Career_1
2,3,1,1,4,3,5,3,4,4,3,4,3,2,3,3,4,4,1,1,Career_2
2,1,3,4,1,1,2,2,3,4,2,1,4,4,1,2,1,4,5,5,Career_2
3,1,1,3,3,3,4,1,4,3,1,4,4,3,1,3,1,5,2,2,Career_2
2,3,5,1,4,1,4,1,5,4,3,1,1,4,3,3,5,3,3,3,Career_2
2,5,1,4,1,5,4,5,3,4,3,1,1,4,4,5,5,3,4,1,Career_2
5,5,1,5,3,4,1,4,5,5,1,3,2,1,2,2,3,2,2,3,Career_2
2,2,2,1,1,1,3,5,2,2,3,2,1,5,4,2,1,4,5,4,Career_2
1,4,3,4,2,2,3,1,2,5,2,2,1,4,2,3,4,5,1,5,Career_2
4,4,4,5,4,5,4,3,4,5,2,4,2,3,1,3,4,2,2,5,Career_2
2,5,1,4,5,1,2,2,1,2,1,5,5,1,5,5,5,3,4,2,Career_2
3,5,1,5,4,5,1,4,5,4,2,2,5,4,1,5,2,2,5,4,Career_3
2,4,2,2,3,2,1,5,5,4,2,1,4,3,4,4,2,3,4,1,Career_3
1,5,3,3,5,4,3,1,1,2,3,4,5,5,4,2,5,3,2,3,Career_3
1,2,5,2,2,2,2,3,1,4,2,5,2,5,3,5,4,1,5,5,Career_3
1,4,2,5,1,3,1,3,4,2,1,5,4,1,5,1,3,1,1,1,Career_3
4,1,5,3,3,1,4,4,5,1,3,4,1,4,4,3,2,5,5,3,Career_3
4,1,4,3,5,4,5,1,5,5,2,2,2,5,3,5,3,3,2,4,Career_3
1,2,2,4,1,5,5,2,1,2,3,2,2,5,5,5,3,5,1,4,Career_3
1,1,5,4,4,4,3,5,4,3,2,2,3,3,5,5,2,4,2,4,Career_3
4,5,1,1,3,5,4,1,4,1,1,1,5,2,4,5,5,5,5,5,Career_3
3,4,5,4,3,3,4,1,2,1,1,1,5,3,1,3,4,2,4,4,Career_4
5,2,4,4,2,2,4,2,4,4,5,1,4,3,1,1,1,5,4,5,Career_4
4,5,5,3,5,2,3,5,1,2,2,2,3,5,5,1,1,2,1,3,Career_4
5,2,1,3,3,1,5,1,2,1,3,1,5,4,1,5,5,3,5,5,Career_4
5,5,2,2,3,1,5,1,1,3,5,5,4,1,1,2,4,2,2,2,Career_4
3,3,2,4,1,4,5,3,1,1,5,5,2,3,3,4,2,2,2,2,Career_4
3,3,2,4,1,1,4,2,3,1,5,5,4,2,1,2,1,4,4,5,Career_4
2,5,2,5,3,3,3,3,1,3,4,4,1,3,3,3,5,2,5,2,Career_4
3,3,5,5,2,4,2,5,5,1,5,1,4,2,2,1,2,5,3,1,Career_4
2,1,1,3,5,1,2,4,1,1,3,5,4,2,4,2,5,2,3,3,Career_4
3,3,4,5,2,2,3,3,1,5,4,2,1,1,2,4,1,1,5,4,Career_5
1,4,2,3,1,5,2,4,2,1,4,3,2,1,5,4,2,2,3,3,Career_5
5,5,1,1,5,5,4,3,1,3,3,5,4,2,4,4,3,4,1,3,Career_5
1,2,3,2,3,5,4,5,2,4,3,4,1,4,1,4,1,2,5,3,Career_5
4,5,3,3,1,2,2,5,2,4,2,5,2,4,1,5,1,1,1,3,Career_5
3,1,5,4,4,2,5,3,1,2,4,3,3,1,4,5,3,1,5,4,Career_5
3,5,5,5,3,3,2,4,1,5,2,1,2,3,5,1,1,1,1,1,Career_5
2,5,3,3,3,3,2,4,5,1,4,3,4,5,1,1,5,5,3,1,Career_5
4,2,2,5,3,2,1,5,4,5,4,5,5,5,4,4,5,2,3,3,Career_5
3,4,4,2,3,3,5,4,3,2,2,3,4,2,5,2,1,1,4,3,Career_5
4,4,4,4,5,5,2,1,4,2,1,3,5,1,3,1,5,5,2,4,Career_6
1,1,3,5,1,5,1,2,4,1,5,2,1,3,4,1,2,3,2,2,Career_6
3,2,3,1,3,3,4,3,3,1,4,5,1,1,5,3,2,4,2,5,Career_6
1,1,4,1,1,4,4,5,1,1,5,3,3,3,5,1,5,5,3,2,Career_6
1,3,2,2,4,1,2,3,4,1,5,3,2,2,3,2,4,1,4,2,Career_6
5,1,1,3,3,5,1,5,3,3,1,4,2,3,3,4,4,5,5,2,Career_6
2,1,5,3,5,3,4,5,4,2,2,1,5,4,3,2,2,3,4,4,Career_6
5,5,1,2,5,4,3,4,2,4,1,2,3,1,2,3,1,1,2,5,Career_6
1,1,3,4,2,2,5,5,2,5,3,2,5,2,4,1,2,1,5,1,Career_6
2,4,5,2,5,3,1,3,2,4,5,1,5,2,5,1,2,5,4,2,Career_6
2,4,3,1,3,5,4,3,2,5,5,3,3,4,1,3,3,2,5,1,Career_7
2,4,4,3,3,4,3,1,3,5,3,2,1,2,2,5,1,1,1,1,Career_7
1,5,3,2,1,3,3,2,5,4,4,3,2,4,3,5,4,3,3,1,Career_7
5,1,2,1,1,4,3,5,1,5,1,2,1,4,3,2,1,5,2,2,Career_7
1,2,5,2,5,1,3,2,3,5,2,4,3,2,3,2,1,3,4,4,Career_7
5,2,3,5,3,2,4,1,4,5,1,5,2,1,5,2,4,2,3,2,Career_7
2,3,5,5,2,3,3,4,5,1,5,5,4,1,4,1,2,1,4,5,Career_7
1,1,3,5,2,4,2,5,1,1,5,1,1,1,4,4,3,2,5,5,Career_7
5,3,4,3,5,2,1,4,4,3,4,5,5,3,5,2,3,2,1,2,Career_7
1,1,2,3,5,5,1,1,3,4,2,1,5,3,2,3,2,2,1,3,Career_7
3,5,5,1,1,4,5,2,3,1,3,3,4,5,1,3,1,2,4,2,Career_8
1,1,5,3,3,2,4,3,5,2,2,5,4,5,4,5,5,1,2,5,Career_8
5,3,2,3,2,3,5,5,1,3,4,1,3,3,1,5,3,5,1,5,Career_8
2,4,3,4,5,3,5,2,1,3,2,2,3,5,2,4,2,5,5,4,Career_8
2,5,3,1,1,1,2,4,5,3,3,2,1,2,4,4,5,5,4,4,Career_8
4,2,4,3,1,4,1,2,1,2,3,2,2,5,4,4,3,3,4,5,Career_8
4,5,3,1,3,3,2,2,2,2,5,4,1,3,5,1,5,5,3,4,Career_8
2,4,3,3,3,1,4,4,5,5,5,3,4,3,1,5,3,3,1,2,Career_8
4,2,5,3,1,1,4,2,4,3,4,1,1,5,5,3,2,4,3,5,Career_8
4,5,4,2,3,4,1,1,4,4,4,1,1,4,5,5,2,3,5,1,Career_8
5,2,2,3,5,1,1,4,1,3,3,1,1,4,1,4,4,1,2,2,Career_9
4,1,2,1,1,1,5,1,5,4,2,2,2,2,2,2,2,4,1,3,Career_9
5,3,3,1,1,1,2,4,2,4,4,3,3,4,4,2,2,3,1,4,Career_9
2,3,2,4,4,5,1,5,3,2,3,4,5,5,5,3,4,2,2,3,Career_9
5,1,3,3,4,2,3,3,5,5,1,4,1,5,2,5,4,5,4,4,Career_9
4,4,4,2,1,3,1,4,2,5,2,4,2,2,4,2,3,3,2,5,Career_9
4,3,5,2,5,1,3,2,4,2,4,2,5,5,5,1,4,5,1,4,Career_9
2,1,3,1,1,4,2,3,5,5,1,4,4,5,3,2,3,2,5,2,Career_9
4,1,1,5,4,3,4,1,1,4,4,1,3,5,5,4,5,1,1,4,Career_9
4,4,3,5,4,2,2,1,5,4,2,5,1,3,5,5,3,5,1,1,Career_9
3,4,2,4,5,2,3,3,2,1,2,5,1,3,2,4,4,5,4,2,Career_10
2,4,2,5,1,5,5,2,1,2,3,2,2,2,1,2,1,4,3,1,Career_10
4,1,1,3,5,5,1,2,4,2,2,1,1,1,1,5,1,5,5,1,Career_10
3,4,2,5,4,3,2,2,5,1,3,5,3,1,1,5,1,4,2,5,Career_10
3,4,5,1,1,1,1,3,4,2,3,3,2,2,1,3,5,2,2,4,Career_10
5,5,2,1,4,5,2,5,4,4,3,2,4,3,3,5,5,3,5,4,Career_10
1,4,3,3,4,5,5,3,2,5,4,5,4,3,5,4,3,2,4,2,Career_10
2,1,5,4,2,1,3,4,2,5,1,2,5,2,4,4,4,1,4,5,Career_10
2,3,5,5,4,1,2,1,2,2,1,5,2,1,2,3,5,4,2,3,Career_10
4,4,2,1,2,3,4,2,1,2,5,1,3,4,2,1,5,1,5,3,Career_10
4,3,2,1,5,5,1,1,2,3,5,2,3,2,5,1,1,3,4,3,Career_11
4,2,2,5,4,5,1,4,3,1,1,3,1,4,5,1,4,2,4,5,Career_11
4,3,5,2,3,4,5,2,3,2,4,2,1,3,2,4,4,2,4,5,Career_11
5,5,1,2,1,4,1,4,4,3,5,4,3,5,4,4,1,1,5,4,Career_11
2,1,5,4,4,2,5,4,1,2,5,2,1,5,2,3,1,1,1,3,Career_11
3,4,2,4,2,3,3,4,5,4,2,4,1,2,2,5,3,2,3,4,Career_11
1,5,3,2,3,2,3,2,4,2,2,1,2,1,5,1,4,1,5,4,Career_11
3,3,1,1,5,5,2,5,2,4,1,4,5,4,4,4,5,4,2,5,Career_11
4,5,3,2,4,3,3,5,3,2,2,1,2,3,2,5,1,3,1,3,Career_11
5,1,4,3,4,1,4,4,1,5,4,4,5,4,4,4,2,5,4,5,Career_11
3,3,4,5,5,5,2,3,5,5,2,2,5,1,5,5,2,2,5,5,Career_12
5,2,5,5,4,1,3,1,4,3,5,4,5,2,4,2,4,4,2,3,Career_12
1,5,4,5,2,5,2,5,1,1,1,1,1,1,2,4,5,1,2,2,Career_12
2,4,5,4,3,2,3,1,1,4,5,3,5,4,1,5,5,1,3,1,Career_12
5,3,3,1,5,4,5,2,4,3,4,3,3,4,3,3,2,5,5,2,Career_12
4,1,1,1,2,2,3,1,4,4,1,1,1,2,2,2,5,4,4,3,Career_12
2,5,5,4,2,3,2,1,2,1,1,3,4,2,1,2,4,4,5,4,Career_12
3,1,5,3,2,1,4,1,2,5,5,5,4,3,3,1,4,5,5,2,Career_12
2,5,5,4,3,2,3,4,5,3,5,5,1,3,3,5,4,1,5,2,Career_12
2,1,4,5,3,1,4,3,2,2,3,1,2,5,3,3,2,1,5,1,Career_12
4,4,2,2,2,4,1,1,2,5,1,4,3,3,3,5,2,4,5,4,Career_13
4,2,3,2,5,5,5,2,4,4,1,5,4,1,4,5,3,5,2,4,Career_13
4,2,2,3,4,4,3,1,3,5,4,2,5,4,3,5,4,1,1,2,Career_13
4,1,3,4,3,3,1,4,5,1,1,4,4,3,4,3,1,2,5,1,Career_13
4,5,2,2,3,5,3,1,5,1,3,5,3,5,3,2,3,2,3,5,Career_13
5,5,4,1,5,2,5,4,2,4,2,3,1,1,4,1,4,4,4,1,Career_13
4,1,4,5,4,2,4,3,4,2,2,1,5,4,1,5,4,3,4,2,Career_13
2,3,1,5,4,2,1,3,2,3,4,5,2,2,4,1,5,2,5,2,Career_13
5,3,2,5,1,3,3,1,5,4,1,5,1,1,2,5,4,2,1,1,Career_13
1,5,5,2,4,2,3,1,1,1,2,2,1,2,5,5,2,1,2,2,Career_13
2,3,5,4,4,3,2,3,3,1,5,4,2,4,4,5,4,4,3,5,Career_14
1,2,4,2,1,2,1,3,4,1,2,4,3,4,1,3,2,3,3,5,Career_14
3,3,4,2,4,4,1,4,5,5,1,2,2,4,4,4,2,3,5,3,Career_14
3,2,3,1,4,1,5,4,3,5,4,3,1,4,3,1,5,5,5,5,Career_14
2,4,4,2,3,3,5,1,3,1,4,1,4,2,2,5,3,5,4,5,Career_14
1,4,2,3,4,4,1,3,2,4,4,1,5,2,3,4,4,2,5,4,Career_14
2,1,5,3,4,2,1,3,2,2,3,1,1,5,4,3,3,3,1,4,Career_14
5,2,2,3,4,1,4,4,1,3,4,2,1,5,3,1,5,5,4,4,Career_14
4,1,1,3,4,5,2,3,1,3,3,3,3,2,4,5,3,3,3,4,Career_14
1,1,2,1,3,3,3,2,3,1,4,4,5,1,3,4,1,4,3,4,Career_14
5,5,4,1,1,1,4,1,3,5,3,1,3,1,4,3,4,4,2,1,Career_15
5,1,5,1,4,3,3,2,5,5,5,4,5,3,4,1,5,5,1,5,Career_15
1,4,3,1,2,1,5,4,4,1,3,2,4,5,5,3,4,1,5,3,Career_15
4,4,4,4,4,5,3,4,2,2,3,1,1,1,2,1,5,4,2,3,Career_15
3,4,2,1,1,5,5,1,3,3,5,4,1,5,5,1,1,3,4,4,Career_15
1,2,5,5,1,2,3,1,1,5,1,1,1,5,3,3,1,5,3,3,Career_15
3,5,5,1,4,3,4,5,5,5,4,5,1,5,2,4,2,5,1,3,Career_15
5,1,4,2,2,2,4,1,4,2,5,3,4,4,1,1,4,2,3,1,Career_15
2,5,1,2,2,3,3,5,2,2,3,1,1,4,3,4,3,5,2,5,Career_15
3,2,1,1,4,3,3,1,5,2,5,5,1,1,1,4,5,3,2,4,Career_15
3,5,1,5,2,4,4,2,3,3,4,4,1,3,2,3,1,4,4,1,Career_16
2,4,5,4,5,1,1,4,3,5,2,4,2,4,3,3,3,3,1,1,Career_16
5,2,4,4,1,4,1,5,2,5,3,3,3,5,4,2,3,3,3,2,Career_16
3,2,3,5,5,2,5,2,5,5,2,4,5,3,4,2,4,1,1,5,Career_16
5,3,4,1,5,4,5,5,1,1,5,2,5,5,3,3,3,2,2,5,Career_16
3,2,1,5,4,5,4,3,4,3,1,4,5,3,5,2,3,4,3,5,Career_16
1,3,4,2,1,2,3,5,5,4,5,1,5,4,3,3,5,2,3,5,Career_16
4,5,3,4,5,1,4,1,2,4,1,3,3,2,4,4,4,2,4,3,Career_16
1,3,3,1,3,2,1,3,5,3,2,4,3,4,5,3,1,4,5,1,Career_16
1,1,1,3,3,3,5,5,5,2,5,3,3,2,2,5,4,2,1,3,Career_16
1,3,3,2,2,1,3,1,4,1,5,1,5,5,5,4,1,1,4,3,Career_17
2,1,2,4,3,3,3,4,5,5,2,5,5,3,3,2,1,2,2,4,Career_17
4,2,2,2,5,4,2,3,3,5,5,1,1,1,5,5,5,3,5,3,Career_17
1,1,1,2,2,4,4,4,2,2,4,4,5,4,5,3,2,4,2,2,Career_17
2,3,1,4,1,1,1,2,5,2,2,1,2,1,5,4,1,5,4,3,Career_17
1,1,3,3,1,3,2,4,4,4,2,3,5,3,1,4,3,5,1,2,Career_17
2,5,1,4,3,1,2,5,5,3,5,5,1,4,3,1,4,1,1,5,Career_17
4,3,3,4,5,2,1,5,4,1,3,2,3,4,1,4,1,5,2,5,Career_17
5,4,2,1,1,3,1,4,5,5,5,2,1,4,2,3,4,4,4,5,Career_17
4,1,4,5,4,3,3,5,1,1,2,5,4,5,2,5,5,2,1,4,Career_17
2,3,1,3,1,4,4,5,3,1,4,2,4,2,1,4,4,1,4,2,Career_18
4,3,5,2,3,1,2,5,5,1,1,2,4,1,4,3,5,4,5,4,Career_18
3,1,3,1,1,5,3,4,3,5,1,5,2,2,4,5,4,4,2,4,Career_18
2,1,5,4,2,3,4,1,1,3,2,4,2,1,2,1,2,3,5,3,Career_18
3,5,5,4,4,3,3,1,1,4,4,1,1,2,2,1,2,5,4,4,Career_18
1,3,1,2,3,2,5,2,5,5,2,2,5,3,5,4,5,3,4,1,Career_18
1,3,5,2,3,4,4,1,4,3,4,3,2,1,4,3,5,1,2,3,Career_18
2,2,4,4,3,5,3,5,2,1,3,3,5,2,2,5,2,4,1,3,Career_18
1,3,4,2,5,4,1,5,2,4,5,4,4,2,3,5,2,4,2,3,Career_18
5,3,1,5,3,4,5,5,2,4,1,3,2,3,1,1,5,1,3,4,Career_18
4,5,3,3,1,3,2,1,2,5,4,5,4,5,3,2,4,1,2,1,Career_19
2,2,5,4,4,2,3,3,1,1,5,2,1,1,2,5,1,5,4,5,Career_19
3,3,5,3,4,2,3,3,5,4,2,5,5,4,2,4,2,4,5,5,Career_19
1,3,4,1,3,4,2,3,5,1,3,3,5,4,2,5,2,4,3,2,Career_19
1,1,5,4,5,5,5,1,1,5,1,4,5,1,2,5,5,4,3,3,Career_19
4,4,4,3,4,1,5,5,2,2,5,1,3,3,1,3,4,5,5,1,Career_19
3,2,2,3,2,1,1,3,2,1,1,4,4,1,3,5,5,1,1,1,Career_19
3,4,1,1,2,3,1,2,5,1,1,2,3,1,5,1,5,4,4,5,Career_19
3,1,1,4,5,1,1,3,2,4,4,2,1,3,3,4,3,2,1,2,Career_19
5,4,3,5,3,1,1,1,3,5,1,5,3,5,3,3,4,3,3,2,Career_19
1,4,4,4,2,3,1,5,3,2,3,3,2,4,4,1,1,4,5,3,Career_20
5,3,4,1,1,5,1,4,5,3,1,2,1,3,5,3,2,4,1,5,Career_20
4,3,5,4,5,2,2,1,1,2,5,2,1,2,2,5,4,1,5,2,Career_20
2,4,1,1,3,1,4,3,3,2,2,1,3,2,4,2,2,3,3,5,Career_20
4,3,1,4,4,3,4,3,2,5,2,3,3,2,1,1,1,3,4,3,Career_20
4,2,5,4,1,3,2,1,2,5,3,3,5,3,4,2,1,5,4,1,Career_20
1,5,4,1,1,4,3,1,2,4,1,5,2,1,2,2,3,2,3,4,Career_20
3,5,1,4,4,5,3,1,3,2,3,4,1,3,1,1,2,2,4,5,Career_20
1,5,4,1,1,5,3,2,3,5,2,3,2,1,3,2,2,2,3,4,Career_20
3,5,3,2,1,3,3,2,1,1,5,3,1,1,4,4,1,5,1,2,Career_20
3,5,2,5,2,3,3,4,2,4,2,4,3,5,4,2,2,3,2,1,Career_21
5,4,5,3,4,4,1,3,2,1,1,5,5,5,1,2,4,5,2,3,Career_21
5,4,3,3,4,5,1,4,4,4,3,2,1,5,5,2,4,1,5,5,Career_21
4,2,1,2,2,1,1,5,5,1,3,5,3,1,5,2,1,4,3,1,Career_21
1,5,5,5,4,5,1,5,2,5,4,2,1,1,3,2,3,2,2,4,Career_21
3,4,2,1,2,4,3,3,4,3,5,1,1,1,3,3,2,2,1,5,Career_21
2,2,3,5,1,2,5,5,1,5,5,5,2,1,5,5,2,1,3,2,Career_21
1,5,1,1,1,3,1,3,5,3,5,5,3,2,4,1,4,1,1,5,Career_21
1,1,3,4,3,1,5,3,3,2,1,5,3,3,5,1,2,3,2,4,Career_21
1,4,4,4,1,1,5,2,2,5,5,4,5,3,2,5,3,3,3,3,Career_21
4,3,4,4,3,2,3,3,3,2,1,1,4,4,2,5,1,4,1,2,Career_22
2,5,5,2,4,1,3,5,3,4,5,3,4,1,4,5,2,1,3,5,Career_22
2,4,2,5,5,2,4,2,5,5,3,3,1,5,3,2,4,2,4,3,Career_22
1,2,2,2,4,3,2,2,1,1,3,3,5,1,5,4,5,2,5,3,Career_22
4,2,5,4,4,2,5,4,4,1,4,1,5,5,5,3,5,4,2,1,Career_22
3,5,5,2,2,3,1,5,3,4,4,3,5,3,5,2,3,5,3,3,Career_22
5,5,1,3,4,3,3,5,3,3,4,5,3,2,1,4,3,2,3,3,Career_22
5,5,5,2,3,1,4,5,5,3,3,2,2,5,3,1,4,3,3,2,Career_22
4,5,3,5,3,5,4,2,4,1,2,4,1,3,3,5,2,3,2,3,Career_22
5,4,5,1,3,1,1,2,3,1,4,1,4,2,1,5,2,4,2,1,Career_22
3,3,4,4,3,4,2,5,5,2,5,1,2,4,2,3,4,3,4,5,Career_23
2,1,4,4,3,5,3,3,5,1,3,3,4,5,2,1,1,5,4,4,Career_23
5,4,1,1,2,5,3,3,2,2,4,2,2,3,4,2,2,4,5,4,Career_23
3,5,1,4,3,5,4,2,4,1,4,5,5,4,5,2,4,2,2,3,Career_23
4,5,2,3,4,4,1,1,2,1,2,5,2,1,5,1,2,3,4,1,Career_23
2,5,1,1,4,2,3,5,2,5,1,4,4,3,4,1,3,2,4,3,Career_23
1,5,5,1,1,5,3,5,1,4,2,4,4,1,5,3,4,5,3,4,Career_23
3,5,2,5,1,3,2,3,3,4,1,3,5,5,4,1,1,5,2,4,Career_23
4,5,5,2,2,1,4,4,5,1,4,1,1,5,1,2,2,3,5,3,Career_23
2,3,5,5,1,4,1,5,2,2,1,5,2,5,2,5,3,5,5,1,Career_23
3,4,1,4,2,4,5,4,1,1,4,1,1,4,3,3,2,1,4,1,Career_24
5,1,1,3,4,1,3,2,3,3,3,1,1,2,5,5,5,2,5,5,Career_24
3,1,1,3,3,3,1,5,3,2,3,4,3,1,3,4,2,5,3,4,Career_24
4,2,1,3,4,2,5,4,2,1,1,4,4,3,2,4,3,3,4,1,Career_24
2,2,1,4,2,4,4,3,1,4,5,1,2,3,2,2,1,2,4,2,Career_24
3,3,5,3,2,3,1,3,4,1,5,4,2,2,2,4,4,4,1,1,Career_24
2,3,2,5,1,4,1,4,5,5,1,4,5,2,2,4,1,5,1,2,Career_24
5,1,3,4,4,3,2,5,4,3,3,2,2,1,4,1,3,5,5,2,Career_24
5,5,5,3,5,5,5,1,3,2,1,4,3,3,4,4,4,2,5,3,Career_24
5,5,4,2,1,2,5,2,4,1,4,1,5,1,1,1,2,2,5,1,Career_24
3,5,1,1,2,5,1,1,5,3,5,5,3,5,1,5,3,4,5,2,Career_25
1,1,2,2,5,2,4,3,2,2,4,1,1,5,4,3,3,4,3,1,Career_25
3,3,4,4,3,2,4,5,5,1,3,2,1,3,4,5,2,5,4,3,Career_25
4,4,5,2,4,5,2,3,3,1,5,2,4,3,2,5,1,3,2,2,Career_25
2,5,5,5,4,2,3,5,5,2,5,4,4,5,2,2,2,1,5,2,Career_25
4,3,3,2,3,3,1,4,4,1,1,3,5,3,1,4,3,5,3,2,Career_25
3,1,4,4,1,2,1,3,1,1,2,3,5,5,4,1,4,2,5,1,Career_25
2,2,1,2,1,1,3,4,2,2,3,3,3,5,5,5,1,2,4,1,Career_25
2,2,3,3,1,3,2,3,5,3,2,1,4,3,2,4,4,5,4,2,Career_25
2,3,3,3,4,4,5,3,1,5,1,4,5,5,2,4,4,5,4,5,Career_25
2,5,4,4,5,5,5,3,4,4,3,5,2,5,5,3,4,5,4,1,Career_26
4,2,2,5,4,5,3,2,5,3,5,4,4,4,4,1,3,3,4,1,Career_26
4,1,4,2,2,5,4,3,5,2,4,5,4,2,5,2,1,2,4,3,Career_26
2,3,1,5,5,3,5,2,3,4,2,2,2,4,1,5,3,1,3,5,Career_26
4,2,2,4,1,1,3,4,1,4,5,2,2,2,4,4,3,2,3,2,Career_26
3,3,5,3,4,3,2,3,1,2,1,2,4,4,4,1,5,2,4,2,Career_26
1,5,1,2,5,5,1,4,2,3,3,1,2,2,1,2,4,1,4,2,Career_26
1,2,1,2,4,4,2,1,3,4,4,3,2,1,2,5,4,5,4,4,Career_26
5,5,2,5,2,2,2,4,4,5,4,5,4,1,1,5,4,4,2,3,Career_26
5,3,3,5,4,5,3,4,1,5,5,4,1,1,4,2,5,5,3,4,Career_26
3,3,1,5,3,1,4,3,5,3,4,3,5,1,5,1,2,5,5,4,Career_27
3,1,1,4,4,3,3,5,2,3,4,3,1,2,5,1,1,2,5,4,Career_27
5,3,1,3,4,3,5,3,4,4,4,5,4,1,4,3,3,3,5,3,Career_27
5,5,4,1,4,4,5,5,3,3,4,2,2,3,2,3,5,4,1,4,Career_27
3,3,4,3,2,2,3,3,2,3,3,4,1,2,4,1,3,3,4,3,Career_27
5,4,1,4,2,4,3,3,5,5,5,1,5,1,5,1,4,4,3,1,Career_27
2,3,4,1,5,2,4,3,1,2,1,5,3,1,4,3,4,1,3,4,Career_27
5,5,1,3,2,3,5,4,2,1,2,1,2,1,1,2,2,1,5,2,Career_27
3,4,1,1,4,5,4,2,4,1,4,3,2,4,1,2,1,5,3,5,Career_27
3,4,2,4,3,3,3,1,2,4,4,5,3,3,3,4,5,1,2,1,Career_27
4,3,2,4,4,4,2,2,5,5,1,2,2,2,5,4,3,5,2,5,Career_28
1,2,1,2,5,4,3,1,5,4,5,1,3,5,2,4,5,4,2,3,Career_28
3,2,4,5,2,1,4,3,2,3,4,3,2,4,1,2,5,2,4,2,Career_28
1,1,5,3,4,4,3,1,1,2,5,5,5,2,5,3,2,3,2,5,Career_28
3,3,3,2,4,5,3,4,5,5,3,3,2,4,4,3,5,3,5,5,Career_28
3,1,4,5,5,1,2,1,1,5,4,1,2,3,1,1,2,4,1,1,Career_28
4,2,1,4,1,3,5,3,1,2,5,3,4,2,3,4,1,4,3,3,Career_28
1,4,4,1,4,1,2,3,2,5,5,5,1,4,2,2,2,2,5,2,Career_28
4,5,2,1,3,3,3,5,2,5,4,1,1,3,3,3,2,4,4,4,Career_28
4,3,1,3,4,3,4,5,1,5,2,3,2,3,5,4,4,3,4,5,Career_28
4,5,2,5,1,1,1,3,3,3,5,3,2,1,5,1,3,5,4,2,Career_29
3,3,2,2,4,3,3,1,5,5,1,5,2,5,5,1,4,5,5,4,Career_29
1,4,1,2,1,2,2,1,3,1,5,5,3,2,3,5,3,1,3,2,Career_29
1,4,5,5,3,1,4,1,5,1,4,3,2,1,2,5,3,3,1,3,Career_29
1,1,2,3,1,2,4,2,2,1,5,5,5,2,1,3,2,2,1,4,Career_29
2,4,4,5,1,4,1,5,1,2,4,1,3,1,4,5,5,4,2,2,Career_29
5,5,4,2,5,2,5,1,3,1,5,3,3,5,5,2,5,4,5,4,Career_29
5,2,4,1,4,2,4,5,5,2,3,5,1,2,4,4,1,5,2,1,Career_29
5,2,4,2,3,2,3,2,3,4,5,3,3,4,3,1,4,1,4,3,Career_29
1,3,4,3,1,1,3,2,4,4,3,2,1,5,5,3,2,2,4,1,Career_29
2,5,1,1,3,2,3,2,4,3,3,5,3,2,5,3,3,4,3,1,Career_30
5,1,5,4,3,3,3,5,3,1,3,4,1,3,3,2,5,1,2,4,Career_30
5,1,3,1,3,5,3,4,3,4,5,5,1,4,4,2,2,2,3,2,Career_30
4,3,5,1,2,5,4,1,5,1,2,4,1,5,2,2,5,5,1,3,Career_30
2,1,5,1,5,4,5,5,5,3,5,2,2,1,3,1,2,2,4,5,Career_30
2,1,1,5,5,4,3,1,5,1,5,2,1,2,1,3,4,2,5,3,Career_30
1,2,1,1,1,4,4,5,2,3,3,3,1,4,2,1,4,4,2,2,Career_30
2,1,5,2,5,1,5,3,5,2,1,2,3,2,2,2,4,3,2,2,Career_30
2,1,4,1,4,2,3,5,5,2,1,3,4,2,3,3,4,3,1,1,Career_30
1,3,1,4,3,5,3,4,5,3,1,2,2,1,2,2,1,1,3,3,Career_30
1,4,2,3,2,5,1,4,5,5,5,1,3,1,3,5,5,4,3,5,Career_31
2,4,1,4,2,3,1,1,3,4,5,4,2,5,4,3,2,2,2,5,Career_31
1,5,4,1,4,1,5,2,3,2,5,1,2,5,4,3,2,1,4,5,Career_31
3,1,5,5,2,2,1,5,2,3,3,5,2,1,1,1,3,2,2,3,Career_31
1,1,5,4,2,2,2,4,5,4,1,1,2,3,2,3,4,1,3,4,Career_31
1,3,2,2,2,4,2,5,1,4,2,1,3,2,1,5,3,5,1,5,Career_31
1,1,5,1,2,1,4,1,4,1,1,5,2,2,3,5,5,2,5,2,Career_31
5,1,2,2,4,5,5,2,1,1,1,5,4,2,3,4,3,4,1,5,Career_31
3,4,5,3,2,4,2,1,2,2,4,1,2,5,3,2,1,2,3,1,Career_31
4,1,4,1,3,3,1,2,3,4,4,5,4,5,1,1,1,2,2,5,Career_31
4,4,1,3,2,2,1,2,1,5,4,3,4,4,5,2,3,2,4,1,Career_32
4,2,4,1,5,2,4,2,5,4,4,2,2,1,5,1,4,2,4,4,Career_32
3,3,4,2,4,3,2,4,5,5,4,2,4,4,3,5,3,3,4,3,Career_32
5,3,5,3,5,3,3,2,5,5,5,1,3,5,1,2,5,5,1,3,Career_32
2,5,3,2,4,4,2,1,2,2,1,1,3,3,1,4,4,2,5,2,Career_32
2,5,1,4,2,5,3,2,4,1,2,2,5,3,3,1,4,1,2,2,Career_32
3,4,5,4,2,5,4,4,5,2,4,5,2,5,5,4,2,4,1,1,Career_32
2,5,4,4,2,2,1,3,2,3,2,5,5,1,1,3,2,4,1,4,Career_32
4,2,3,2,1,4,2,2,2,1,3,2,1,4,5,1,5,2,2,1,Career_32
5,2,4,3,3,2,5,2,5,4,5,2,4,1,3,2,2,2,4,1,Career_32
5,1,4,2,3,2,5,3,2,3,1,4,2,5,1,2,1,5,2,5,Career_33
3,5,3,2,3,2,2,4,2,3,4,4,2,5,5,4,2,5,2,2,Career_33
4,4,1,5,5,5,3,2,4,5,1,5,2,2,4,3,4,5,1,4,Career_33
3,4,2,5,5,5,5,5,5,1,3,5,3,5,4,5,2,1,4,4,Career_33
2,5,1,4,1,4,5,4,4,3,5,2,2,5,2,5,2,3,2,4,Career_33
5,1,1,5,3,2,3,1,5,5,3,3,2,4,4,2,4,1,4,2,Career_33
4,5,3,1,5,5,2,3,3,1,2,1,4,5,1,5,2,4,2,4,Career_33
4,5,2,2,1,2,1,3,3,3,2,2,1,4,1,3,1,4,2,1,Career_33
3,3,2,1,4,2,1,5,3,4,4,4,3,1,2,1,2,4,1,4,Career_33
5,4,4,2,5,4,4,5,5,1,2,5,5,3,5,2,4,4,4,4,Career_33
3,5,4,1,4,5,4,3,2,2,5,2,2,1,5,5,2,2,2,3,Career_34
4,3,5,1,4,1,5,5,1,1,1,5,2,1,4,5,3,3,4,2,Career_34
1,5,1,5,3,1,4,2,4,2,1,1,2,3,5,4,4,4,1,4,Career_34
5,5,2,1,5,3,1,1,5,3,2,5,3,1,3,1,5,5,4,4,Career_34
4,5,2,5,3,5,5,1,1,1,5,2,3,3,2,2,3,4,1,1,Career_34
3,2,4,3,1,5,2,5,3,1,4,5,4,1,5,4,4,5,1,4,Career_34
3,5,2,2,1,3,4,2,1,3,3,1,1,4,1,4,4,5,3,3,Career_34
3,5,4,4,1,5,1,5,1,2,3,3,4,2,3,4,2,3,1,5,Career_34
2,4,2,4,2,4,3,1,3,1,3,3,2,5,4,4,4,1,4,4,Career_34
2,3,4,5,4,1,1,1,4,2,5,4,2,2,4,4,2,2,2,4,Career_34
2,1,4,1,3,4,3,2,2,5,2,3,2,4,2,5,2,3,3,2,Career_35
3,3,5,4,5,1,5,2,4,2,1,4,3,5,2,1,3,5,3,5,Career_35
4,3,3,3,4,1,5,3,4,1,5,4,5,3,1,4,1,3,1,1,Career_35
2,1,5,4,2,4,4,3,3,2,3,3,3,4,2,4,5,4,5,1,Career_35
1,5,5,4,5,2,1,1,5,3,3,5,2,3,5,2,2,4,2,3,Career_35
3,5,5,2,1,4,1,2,2,1,4,1,5,3,5,3,2,4,1,4,Career_35
1,5,5,1,4,1,2,5,2,5,5,3,2,2,3,4,2,1,3,2,Career_35
4,2,5,1,3,5,4,5,5,4,5,3,2,5,3,2,2,5,3,5,Career_35
4,2,5,2,3,1,5,5,2,3,4,3,5,4,3,1,2,3,3,1,Career_35
5,2,3,4,3,2,3,1,3,3,4,1,1,3,4,3,3,2,2,4,Career_35
5,2,5,1,2,2,4,5,2,2,4,4,5,1,1,3,2,5,2,5,Career_36
5,5,2,4,2,5,3,1,5,3,4,5,3,5,2,3,2,2,3,1,Career_36
3,1,5,5,3,5,4,2,2,1,5,1,2,2,5,4,4,5,5,1,Career_36
5,4,5,1,1,1,1,3,5,2,5,3,1,3,4,4,5,5,2,2,Career_36
4,1,3,2,2,1,1,5,3,1,2,2,4,1,5,3,5,2,5,2,Career_36
2,2,2,2,4,5,4,4,1,1,1,3,1,5,4,5,1,3,3,4,Career_36
5,2,5,1,2,3,4,4,3,1,3,1,2,3,1,2,3,4,3,5,Career_36
3,5,2,3,2,2,1,2,2,3,3,4,1,2,1,5,2,1,4,4,Career_36
2,5,4,4,5,1,4,3,4,1,1,2,3,1,5,3,3,5,4,5,Career_36
5,4,4,4,4,4,5,2,2,1,2,2,5,4,4,5,2,5,1,4,Career_36
3,1,1,5,2,4,3,1,3,2,2,3,4,2,3,1,3,3,5,2,Career_37
4,4,5,4,3,5,1,2,2,2,3,1,5,5,2,1,1,1,4,4,Career_37
2,1,1,5,5,2,1,2,5,5,4,2,2,1,1,4,3,3,3,2,Career_37
2,5,2,2,2,4,2,1,1,5,4,1,4,4,5,4,2,4,5,5,Career_37
5,1,2,1,3,2,4,5,3,2,1,5,1,2,2,3,4,1,3,5,Career_37
4,3,1,2,5,1,4,4,2,2,5,5,2,2,4,2,3,1,2,5,Career_37
3,5,3,2,1,5,3,4,2,1,2,4,1,4,2,3,2,2,2,5,Career_37
4,4,4,5,3,2,3,5,4,2,1,1,3,4,1,3,5,3,3,3,Career_37
2,3,3,2,2,5,4,1,1,3,5,3,1,2,4,5,2,4,5,5,Career_37
1,2,5,5,4,1,3,1,3,2,2,5,2,5,1,2,1,1,2,1,Career_37
2,2,2,3,1,4,2,1,5,2,2,4,3,3,2,1,5,5,1,2,Career_38
5,3,1,4,2,1,5,2,3,2,2,3,3,2,3,1,3,3,2,1,Career_38
4,4,5,3,3,1,4,5,1,3,4,5,2,4,5,1,2,5,5,3,Career_38
4,3,2,5,3,4,2,1,3,2,1,3,2,2,3,2,5,3,2,1,Career_38
1,5,3,2,2,1,5,1,1,5,3,2,3,4,4,4,5,1,3,2,Career_38
4,3,4,4,2,5,1,5,3,5,3,3,1,2,1,5,3,4,4,3,Career_38
1,2,1,3,3,2,5,5,2,5,4,5,5,5,4,5,4,2,1,2,Career_38
1,2,1,1,3,1,1,3,5,5,3,4,1,1,3,3,4,5,2,5,Career_38
1,3,4,5,4,5,1,2,4,4,2,4,4,5,5,2,1,4,1,2,Career_38
2,5,4,3,2,4,1,5,1,2,2,1,2,4,2,5,4,3,2,2,Career_38
5,5,1,1,1,5,1,1,3,1,2,5,4,3,5,5,2,1,2,1,Career_39
1,5,1,3,3,3,5,2,4,1,4,2,2,5,3,3,2,5,5,1,Career_39
3,2,4,3,1,5,2,3,4,1,1,3,4,1,2,1,4,5,5,3,Career_39
4,1,1,5,5,2,5,2,1,2,2,3,5,2,1,4,2,5,3,1,Career_39
3,4,2,2,5,2,1,4,3,4,2,3,5,4,3,3,3,1,4,3,Career_39
4,3,5,5,5,2,3,2,4,2,4,4,4,2,3,2,3,3,4,2,Career_39
3,5,3,5,2,2,2,3,1,3,3,4,4,3,5,4,3,1,5,2,Career_39
3,3,5,4,4,4,2,5,5,4,4,1,1,3,3,5,5,2,2,1,Career_39
3,1,1,3,2,3,4,4,4,5,2,2,5,1,4,4,1,3,3,2,Career_39
5,2,3,1,2,4,4,1,3,4,4,5,2,3,2,3,4,5,2,4,Career_39
3,2,2,4,2,5,5,4,3,4,5,1,1,2,2,1,5,2,4,4,Career_40
5,2,4,2,2,4,1,4,5,3,4,2,2,4,3,4,3,3,5,2,Career_40
2,3,2,1,3,2,1,5,2,1,4,4,1,3,3,2,4,3,3,4,Career_40
5,3,1,2,3,3,5,1,2,3,2,4,3,3,4,5,3,2,1,2,Career_40
5,1,2,2,4,5,4,1,4,5,3,3,1,3,4,1,5,1,1,2,Career_40
2,1,3,2,5,4,2,1,3,4,2,3,3,3,1,5,3,4,2,4,Career_40
1,1,4,5,1,1,4,1,5,5,5,2,5,5,2,3,1,5,1,4,Career_40
1,2,1,1,1,3,3,4,2,1,1,1,1,3,4,5,2,1,4,5,Career_40
4,3,5,4,3,4,4,5,3,1,2,5,3,4,3,2,2,1,1,2,Career_40
5,5,4,1,4,1,2,5,5,2,4,4,3,1,4,2,4,5,1,3,Career_40
1,5,5,5,5,2,3,5,5,4,3,1,3,3,3,5,5,2,1,4,Career_41
3,1,1,2,4,3,4,2,5,1,3,5,2,4,1,3,5,5,1,4,Career_41
2,4,4,4,1,1,2,4,1,2,2,4,3,4,3,2,1,5,2,1,Career_41
2,4,3,2,1,4,5,4,3,4,5,1,2,3,5,3,4,3,5,2,Career_41
2,3,1,3,4,2,2,2,1,1,5,3,3,4,2,1,4,4,1,3,Career_41
2,3,4,2,5,4,3,3,3,1,4,2,3,3,1,2,4,5,1,4,Career_41
5,3,3,2,5,3,3,2,4,3,1,1,4,5,2,1,1,4,5,5,Career_41
4,1,2,1,5,1,2,3,1,4,3,4,4,4,1,5,3,2,5,1,Career_41
4,2,3,5,5,2,1,3,2,4,3,5,2,5,5,5,1,5,4,4,Career_41
3,5,5,2,1,3,5,2,1,3,3,5,3,2,3,4,2,1,1,5,Career_41
5,4,1,1,1,1,3,2,2,4,3,1,1,5,5,4,1,4,3,2,Career_42
1,3,1,5,4,5,2,5,1,5,1,2,5,4,4,4,5,5,5,1,Career_42
2,4,1,4,1,5,4,5,4,3,1,3,1,2,4,2,2,1,3,5,Career_42
1,5,2,5,3,1,3,3,1,3,4,4,4,5,3,1,1,5,1,4,Career_42
3,1,1,2,2,2,3,4,4,4,3,3,2,1,5,5,1,2,1,1,Career_42
5,2,3,5,3,2,1,4,4,2,4,3,4,2,2,3,4,4,1,5,Career_42
2,1,2,1,5,1,2,4,2,3,3,3,3,5,4,4,2,1,2,2,Career_42
2,2,4,1,2,4,2,3,2,2,5,3,1,2,1,3,2,5,4,5,Career_42
5,4,4,4,2,1,1,4,5,3,4,5,5,2,2,1,1,3,3,3,Career_42
3,5,5,1,2,2,4,5,3,3,4,2,3,2,4,2,2,2,3,1,Career_42
5,2,2,2,1,4,3,1,2,1,1,1,4,5,3,4,4,5,4,1,Career_43
1,2,4,2,3,1,3,5,1,3,5,3,5,5,1,2,5,5,1,2,Career_43
4,4,2,3,1,2,4,5,4,5,1,5,2,5,3,2,1,2,3,1,Career_43
4,3,1,5,2,1,2,5,1,4,3,1,5,1,2,1,4,1,3,1,Career_43
2,1,4,5,1,1,3,4,5,2,1,5,2,4,4,5,2,4,5,4,Career_43
4,4,3,2,5,5,2,2,2,2,1,5,1,4,4,5,4,2,1,2,Career_43
4,1,2,5,2,4,1,5,1,5,1,4,5,3,1,1,2,5,3,4,Career_43
2,3,5,3,1,1,2,5,5,3,2,5,1,3,4,1,2,5,1,4,Career_43
4,2,1,3,1,4,2,2,3,2,2,2,2,2,4,1,5,2,5,5,Career_43
4,2,5,2,3,3,3,5,3,4,4,5,2,1,2,2,2,2,1,3,Career_43
2,4,5,5,4,2,1,3,5,3,1,5,3,1,3,2,1,3,2,2,Career_44
1,4,5,1,2,2,1,4,5,3,1,5,5,2,3,1,2,2,4,5,Career_44
1,1,1,2,4,3,2,3,4,5,1,3,2,3,5,1,3,5,2,4,Career_44
2,1,2,2,2,2,1,5,3,4,3,3,4,1,4,1,3,1,5,4,Career_44
5,3,4,3,5,3,4,4,3,4,4,3,5,4,4,4,4,3,5,5,Career_44
1,4,4,1,5,2,2,5,4,2,3,3,1,5,5,2,4,5,2,2,Career_44
5,2,1,1,5,4,1,1,5,3,2,1,3,4,3,5,4,4,3,5,Career_44
1,3,1,3,1,3,4,2,4,1,5,4,2,1,4,3,5,1,4,1,Career_44
3,2,4,1,1,1,2,1,5,5,1,5,4,5,1,3,4,2,1,2,Career_44
3,2,1,1,3,1,3,3,1,5,3,1,5,3,5,4,4,5,3,1,Career_44
2,1,2,2,3,5,1,5,4,3,3,4,1,4,1,2,3,1,5,5,Career_45
3,4,4,1,4,3,1,2,4,4,1,5,4,3,4,2,4,5,4,1,Career_45
4,5,1,3,1,2,1,3,4,1,1,1,1,3,5,5,1,3,3,1,Career_45
2,1,2,1,2,2,1,2,4,5,3,2,2,3,2,3,1,4,4,5,Career_45
2,5,1,4,1,1,2,1,4,5,4,2,4,3,5,3,3,2,1,3,Career_45
4,1,4,4,1,1,4,2,5,5,2,1,4,5,4,2,4,2,1,2,Career_45
2,5,4,5,3,2,3,5,4,5,4,4,1,2,5,4,5,5,4,3,Career_45
2,2,1,1,1,2,3,2,2,2,2,3,1,5,1,1,5,2,3,3,Career_45
1,5,4,2,1,3,5,5,1,4,3,1,4,5,2,3,3,4,1,5,Career_45
4,2,2,2,4,5,3,1,3,5,3,4,2,5,5,3,4,3,3,5,Career_45
3,2,3,2,5,4,2,4,4,2,5,1,4,4,5,5,3,5,4,2,Career_46
1,3,2,1,1,1,2,3,3,1,2,1,5,3,4,1,5,3,2,3,Career_46
2,2,1,1,3,5,3,4,2,2,1,5,1,4,3,3,5,1,1,4,Career_46
3,1,5,3,4,5,2,4,5,1,2,4,1,2,3,1,5,4,2,1,Career_46
3,4,4,1,3,2,1,2,4,2,3,5,3,2,1,4,5,1,1,3,Career_46
2,3,2,3,1,4,2,5,5,1,3,3,1,5,5,3,2,4,2,5,Career_46
2,4,2,2,2,2,1,5,4,5,1,1,1,1,2,5,3,4,1,5,Career_46
1,1,1,1,1,4,5,1,1,1,1,2,2,3,1,3,4,3,5,2,Career_46
2,1,1,4,4,5,1,1,4,4,4,2,3,3,1,2,4,1,2,5,Career_46
2,1,3,4,5,2,1,1,4,1,1,4,5,3,3,2,5,2,3,4,Career_46
1,3,5,3,5,5,5,2,4,3,4,1,3,4,4,1,5,3,3,1,Career_47
5,3,3,3,5,1,3,4,5,2,1,4,3,2,1,5,2,2,4,1,Career_47
4,4,3,5,2,1,5,5,1,5,3,5,3,2,2,4,3,2,5,1,Career_47
1,3,4,5,3,1,3,5,2,5,2,2,2,3,1,3,1,5,4,5,Career_47
3,3,1,3,2,3,1,1,2,1,4,5,3,4,3,4,3,2,1,1,Career_47
2,4,5,4,1,5,3,5,4,2,3,4,3,5,1,4,2,5,4,2,Career_47
4,5,4,3,5,4,1,4,3,2,2,2,1,3,5,2,3,4,1,3,Career_47
3,5,3,5,1,1,4,5,5,2,2,4,1,2,3,1,3,5,1,4,Career_47
5,5,3,5,2,1,2,3,3,1,5,4,3,1,4,5,3,1,1,1,Career_47
3,4,1,5,1,4,3,1,1,5,5,1,1,5,4,2,2,1,5,3,Career_47
3,2,4,2,1,4,3,5,5,1,2,1,5,3,5,4,5,5,4,2,Career_48
5,1,5,1,4,5,4,4,2,5,1,1,5,2,2,2,1,4,2,1,Career_48
1,4,5,5,2,2,4,2,4,1,2,1,3,4,3,2,1,2,3,2,Career_48
5,3,2,1,2,1,5,2,5,3,1,3,1,5,4,2,5,1,1,1,Career_48
1,2,3,4,2,1,2,5,1,4,1,4,4,3,3,2,2,4,1,5,Career_48
5,1,1,3,5,4,2,3,5,1,5,4,3,1,4,2,3,4,4,1,Career_48
2,4,3,4,5,3,3,4,1,3,5,1,1,1,3,1,4,1,5,2,Career_48
5,3,1,1,4,1,5,3,2,1,2,1,3,5,3,2,1,2,5,3,Career_48
2,2,5,1,2,5,1,1,3,5,1,3,4,5,4,1,5,3,1,5,Career_48
5,4,1,3,3,1,1,2,4,1,1,2,2,5,3,4,5,1,2,3,Career_48
5,3,2,5,5,3,2,1,5,1,2,5,5,1,4,1,1,4,2,2,Career_49
5,3,3,5,3,1,1,4,4,5,5,5,1,3,5,5,1,1,1,3,Career_49
5,2,2,5,5,5,5,3,2,4,2,2,1,5,5,5,1,3,3,4,Career_49
3,3,5,2,3,3,1,4,1,5,2,4,1,3,3,4,3,1,1,3,Career_49
3,5,2,4,1,4,5,1,5,5,3,4,4,3,4,3,1,5,5,4,Career_49
2,5,3,2,2,5,5,5,3,2,4,3,1,5,2,3,1,3,3,4,Career_49
4,3,1,2,2,5,5,2,3,3,4,4,5,2,3,2,1,2,1,4,Career_49
4,5,2,2,1,4,1,4,1,4,1,4,1,2,5,1,5,2,2,4,Career_49
5,3,4,5,1,1,2,3,1,5,5,1,5,5,2,3,2,3,5,3,Career_49
5,5,2,2,4,1,4,4,3,5,5,5,1,3,3,5,4,1,4,2,Career_49
3,3,4,1,3,4,1,4,1,5,1,2,5,4,5,5,4,4,2,4,Career_50
3,3,2,1,1,3,4,2,1,1,5,3,4,2,1,5,3,3,2,1,Career_50
2,2,5,3,4,3,3,5,4,1,4,1,4,2,4,5,1,3,5,1,Career_50
1,3,2,5,3,3,2,5,3,2,5,4,1,2,1,4,3,3,5,2,Career_50
2,5,1,3,3,2,2,5,4,1,4,4,2,2,2,4,1,2,3,1,Career_50
3,1,2,5,2,4,4,1,4,2,3,2,1,4,3,5,3,3,2,5,Career_50
1,1,3,3,4,5,3,4,5,1,4,5,4,3,2,1,3,3,5,4,Career_50
1,3,5,1,4,3,3,3,1,1,1,1,5,2,5,3,5,4,1,4,Career_50
4,3,1,4,3,1,2,3,5,1,4,4,5,5,4,1,3,5,5,5,Career_50
2,1,1,1,1,1,4,5,4,2,3,5,2,4,3,2,3,2,4,3,Career_50
2,4,5,4,4,5,4,5,5,5,2,3,2,5,3,3,5,3,3,2,Career_51
3,5,1,1,1,5,1,2,5,5,5,3,3,3,4,2,5,5,3,5,Career_51
5,1,5,4,3,2,2,1,2,2,3,3,4,1,2,4,1,2,2,3,Career_51
5,1,2,1,4,4,5,2,3,2,1,4,1,5,4,3,4,2,2,4,Career_51
5,2,2,3,4,2,5,1,4,3,2,5,4,5,5,3,4,2,3,2,Career_51
1,5,1,5,3,2,2,3,4,1,1,2,2,2,3,4,1,5,3,1,Career_51
4,3,1,3,1,1,4,5,4,1,3,4,5,1,4,4,4,4,3,5,Career_51
5,1,2,3,1,1,4,2,2,3,2,1,2,2,5,1,2,2,4,2,Career_51
2,5,1,3,1,4,1,2,4,1,4,3,1,2,4,5,4,5,2,3,Career_51
5,3,4,2,5,4,1,4,3,2,2,4,1,3,4,4,2,3,1,2,Career_51
4,2,2,5,2,2,3,2,1,4,3,2,1,4,3,1,2,5,5,3,Career_52
1,4,1,5,3,2,1,5,4,3,2,1,4,2,5,5,4,5,3,4,Career_52
5,1,5,3,2,2,5,2,5,3,2,1,5,2,3,3,1,3,3,2,Career_52
5,4,3,3,4,3,2,2,4,3,3,5,3,2,1,1,1,1,3,3,Career_52
5,3,1,4,4,2,2,3,4,1,1,1,3,3,5,1,1,3,3,5,Career_52
5,2,4,1,1,5,5,2,4,2,4,1,2,5,2,2,1,5,5,3,Career_52
3,3,1,2,5,5,2,5,2,1,1,1,2,2,4,5,5,4,4,1,Career_52
4,2,3,2,4,5,2,5,2,5,2,5,3,1,2,3,1,2,3,3,Career_52
3,4,5,1,5,5,5,3,5,4,2,3,1,2,2,2,5,5,3,5,Career_52
5,5,3,3,4,4,4,4,2,2,4,4,1,2,1,1,5,3,2,4,Career_52
4,3,2,4,4,5,1,4,2,3,5,2,5,1,4,2,3,1,1,5,Career_53
1,2,5,1,3,2,3,3,5,4,5,2,2,5,4,5,2,4,2,4,Career_53
4,5,5,5,4,4,2,3,5,2,2,1,5,2,1,5,4,1,4,3,Career_53
3,3,3,2,3,2,2,5,2,2,3,2,4,3,1,3,2,4,3,4,Career_53
1,1,5,5,3,5,4,5,4,5,5,5,2,2,5,4,3,1,2,5,Career_53
1,2,3,4,5,3,2,5,1,4,2,4,5,3,4,1,2,1,4,3,Career_53
3,1,5,5,3,1,1,1,4,5,5,4,2,4,1,4,1,3,1,5,Career_53
4,1,2,3,2,2,2,3,3,3,3,2,5,5,3,4,1,4,4,4,Career_53
5,1,4,3,5,3,3,4,3,1,3,4,3,5,5,5,2,5,5,2,Career_53
5,4,5,5,2,4,3,1,4,3,4,3,3,4,2,4,4,3,1,3,Career_53
5,4,4,2,3,2,4,3,3,5,5,1,5,3,5,1,4,5,3,4,Career_54
3,4,3,5,5,1,4,1,2,5,4,1,1,2,1,3,5,1,1,2,Career_54
3,1,5,5,1,3,5,5,3,3,1,4,2,4,4,5,3,5,2,1,Career_54
2,5,5,5,5,4,1,4,5,3,4,5,5,1,2,4,4,4,5,1,Career_54
5,5,3,1,4,2,4,5,1,1,1,3,4,3,2,5,3,3,5,1,Career_54
5,4,5,1,5,3,2,3,2,5,4,5,1,5,2,3,4,5,5,3,Career_54
4,5,5,2,2,1,3,4,5,5,1,5,3,1,3,1,5,1,2,4,Career_54
5,4,5,4,2,4,1,4,5,3,4,4,4,5,4,5,5,3,1,5,Career_54
2,4,2,4,3,5,1,5,4,1,5,1,4,3,3,5,2,4,5,5,Career_54
3,1,4,1,4,2,3,2,5,3,5,2,4,5,1,4,4,2,2,3,Career_54
3,1,4,1,1,2,1,1,5,3,3,4,3,4,5,3,5,3,3,5,Career_55
1,1,1,1,3,2,5,2,2,4,1,3,1,1,2,4,1,5,5,1,Career_55
2,2,3,4,2,3,5,5,5,1,4,3,4,1,3,3,2,4,4,2,Career_55
5,1,4,2,3,2,5,1,5,3,3,3,3,2,3,3,2,3,5,5,Career_55
4,5,1,1,1,2,5,1,4,2,4,5,3,4,3,2,4,4,2,2,Career_55
1,5,4,4,2,2,5,2,3,3,3,3,5,4,3,2,3,5,2,3,Career_55
4,2,2,4,2,3,2,3,4,1,4,3,5,4,5,5,3,3,1,2,Career_55
4,3,4,5,2,1,4,2,1,4,2,3,4,2,1,2,3,4,4,4,Career_55
3,1,4,1,2,1,1,4,5,5,3,3,5,2,4,4,2,2,5,3,Career_55
2,3,1,4,5,4,5,1,4,1,5,2,4,1,4,4,4,3,1,1,Career_55
4,2,4,3,5,3,2,4,1,4,2,1,3,5,5,4,3,2,5,3,Career_56
4,1,4,4,3,5,3,1,3,2,4,5,1,4,3,2,3,4,1,5,Career_56
4,1,4,2,3,5,1,5,5,5,1,1,5,3,4,5,2,5,1,4,Career_56
2,4,4,2,5,5,5,3,5,2,3,5,3,2,5,1,2,4,4,2,Career_56
4,2,1,2,5,5,3,4,4,2,4,5,1,2,4,5,3,4,1,1,Career_56
4,4,5,4,3,5,2,3,5,5,1,5,3,4,3,2,5,5,5,5,Career_56
1,1,4,5,2,4,5,1,2,4,2,5,3,2,2,1,5,2,5,1,Career_56
5,1,1,4,5,3,4,1,3,2,2,4,3,5,3,4,5,5,2,3,Career_56
5,4,2,5,3,2,3,3,3,2,5,1,5,2,1,1,1,4,2,4,Career_56
1,4,4,2,3,4,4,1,1,1,5,4,1,2,5,3,4,4,2,3,Career_56
3,5,4,1,2,2,2,2,1,1,5,4,1,5,3,4,1,3,5,1,Career_57
1,3,1,2,1,4,3,4,5,4,2,2,4,5,1,2,4,4,4,1,Career_57
3,5,3,5,5,4,2,4,1,5,2,5,5,4,2,2,5,2,2,4,Career_57
3,1,3,2,5,1,1,5,1,5,1,3,1,4,5,1,5,4,1,1,Career_57
4,4,4,5,4,5,3,1,1,2,3,4,4,3,4,2,5,1,3,1,Career_57
5,3,5,4,4,4,5,5,5,1,5,4,2,5,2,4,5,1,1,2,Career_57
1,1,1,4,1,3,5,1,1,1,3,1,1,5,3,3,1,3,2,3,Career_57
3,3,4,4,4,3,2,3,1,2,4,5,2,4,2,2,3,1,5,4,Career_57
2,5,2,1,5,4,2,1,5,2,2,4,1,3,2,5,4,4,2,2,Career_57
2,3,2,1,5,2,3,5,4,2,5,4,3,1,2,1,3,5,5,3,Career_57
3,2,4,1,1,5,5,2,3,1,2,5,5,1,5,5,4,3,5,4,Career_58
2,5,2,5,1,4,4,1,3,4,2,4,3,2,2,1,5,1,5,1,Career_58
5,4,2,5,4,3,1,3,4,3,3,4,2,5,1,5,1,5,3,2,Career_58
3,2,4,1,1,4,5,4,4,2,4,1,3,2,2,5,3,2,4,2,Career_58
2,2,5,2,2,5,3,1,5,5,2,2,1,2,4,2,2,4,1,4,Career_58
5,4,3,5,2,5,1,1,4,5,2,1,2,3,1,4,3,5,2,1,Career_58
3,3,1,5,5,4,5,4,3,1,5,4,3,5,2,3,5,3,1,1,Career_58
1,2,1,2,1,3,5,5,1,5,1,1,4,4,4,2,4,1,3,4,Career_58
4,3,1,2,4,3,1,5,2,3,3,3,4,5,2,1,1,5,3,3,Career_58
3,3,3,5,4,2,3,4,1,5,4,3,3,3,4,3,4,3,1,1,Career_58
2,3,3,4,4,3,2,3,4,3,4,3,5,4,2,5,3,4,5,2,Career_59
4,5,5,5,1,3,4,4,4,5,3,2,4,3,3,1,4,5,3,3,Career_59
2,1,3,3,5,5,2,2,2,5,5,1,4,4,1,4,5,4,5,1,Career_59
2,1,4,5,4,4,2,4,2,5,5,2,1,5,1,5,5,3,4,4,Career_59
1,4,1,5,3,3,5,2,2,4,1,3,4,5,3,1,1,2,4,5,Career_59
3,1,3,5,3,4,2,3,2,5,2,3,3,1,3,2,1,3,3,5,Career_59
1,5,5,5,4,5,2,3,4,5,3,1,1,3,2,3,3,4,1,1,Career_59
5,3,3,2,1,2,4,5,2,1,4,3,4,2,1,2,3,3,1,5,Career_59
4,4,3,2,2,5,2,4,2,5,4,2,4,3,3,3,2,5,4,1,Career_59
3,3,1,1,2,4,3,5,2,2,5,5,5,1,3,1,3,1,4,3,Career_59
2,3,3,3,4,1,2,1,1,5,4,5,4,1,1,4,1,1,2,5,Career_60
5,5,3,2,5,5,2,1,5,1,5,4,3,5,4,2,4,2,5,2,Career_60
4,3,1,1,3,1,5,5,4,4,2,4,5,4,1,2,2,5,4,1,Career_60
4,3,4,5,4,2,1,5,3,1,1,2,2,2,5,4,1,4,4,2,Career_60
4,1,1,3,5,4,5,5,5,5,1,4,3,5,3,1,1,2,5,2,Career_60
3,4,2,1,5,3,1,4,5,4,4,5,5,4,3,5,1,2,3,5,Career_60
5,3,2,4,1,5,2,1,3,5,4,3,5,2,1,1,5,3,4,2,Career_60
5,2,1,4,2,5,4,3,5,2,4,5,4,4,4,2,5,1,1,2,Career_60
2,4,5,5,3,3,1,3,3,1,1,3,5,3,4,4,4,2,4,5,Career_60
2,2,4,3,1,3,3,2,2,2,5,5,1,2,4,2,5,2,5,2,Career_60
4,1,4,5,3,4,2,1,2,2,4,1,3,2,1,3,2,1,4,2,Career_61
2,1,2,3,2,5,3,1,3,5,5,2,2,4,3,4,5,2,2,2,Career_61
1,5,2,5,2,3,5,4,1,4,5,2,5,1,5,2,4,3,4,2,Career_61
2,1,5,5,4,3,3,1,2,1,5,2,1,4,5,3,1,5,5,3,Career_61
3,3,1,3,4,5,3,5,2,2,3,5,2,3,5,3,5,2,3,2,Career_61
3,1,2,2,4,2,5,3,1,5,5,5,5,1,4,2,5,2,2,5,Career_61
4,2,3,2,5,1,2,4,3,3,1,1,2,5,4,3,1,4,5,3,Career_61
3,5,3,5,3,2,5,4,2,4,3,4,2,5,1,4,1,4,4,5,Career_61
3,2,2,2,3,1,2,1,3,3,5,2,5,2,3,3,4,4,3,3,Career_61
1,1,5,4,4,3,3,5,4,1,2,5,2,1,1,2,5,2,5,5,Career_61
3,4,4,1,3,4,5,5,2,2,5,5,2,4,1,2,4,4,4,3,Career_62
3,4,5,3,2,3,5,1,3,4,4,4,1,5,2,5,1,4,5,2,Career_62
4,2,3,2,4,3,4,4,3,2,1,1,1,1,5,1,3,1,4,1,Career_62
2,3,3,5,4,3,2,1,3,2,1,5,3,3,2,4,5,4,3,4,Career_62
1,5,4,1,2,4,5,1,4,2,4,1,4,5,3,1,1,1,1,4,Career_62
5,2,5,1,4,4,1,4,1,5,3,4,1,1,4,2,1,4,1,2,Career_62
3,2,5,4,2,3,1,4,2,3,2,5,4,1,3,2,4,2,4,5,Career_62
2,5,3,5,4,3,2,2,4,1,1,2,4,1,5,2,5,4,5,1,Career_62
1,3,2,4,2,5,4,4,1,5,1,1,3,1,2,4,1,2,5,4,Career_62
5,2,5,5,5,1,1,1,4,2,1,5,5,5,5,3,4,2,2,1,Career_62
3,2,4,5,1,4,2,3,1,2,1,2,5,3,5,2,4,5,4,2,Career_63
3,4,2,4,5,2,5,1,2,4,1,5,5,4,1,3,4,5,2,1,Career_63
3,2,1,4,4,1,3,1,2,2,4,1,4,3,2,5,5,1,1,5,Career_63
1,2,3,3,4,2,1,1,4,4,1,1,2,4,2,1,5,5,1,4,Career_63
5,4,5,4,5,4,2,4,2,2,1,2,3,2,4,2,4,4,3,2,Career_63
2,5,5,1,4,3,5,2,1,3,2,2,4,4,5,5,2,2,5,5,Career_63
2,3,2,3,3,2,1,5,4,2,3,2,5,3,4,4,4,1,3,3,Career_63
1,3,1,2,5,4,1,1,1,2,1,5,5,4,2,5,3,3,3,1,Career_63
1,3,4,4,1,3,4,1,3,2,3,3,5,5,2,2,3,4,2,3,Career_63
1,5,4,3,1,5,1,3,2,5,1,2,4,3,3,5,1,4,5,5,Career_63
1,4,1,3,2,3,3,5,3,4,3,4,1,5,4,3,5,5,4,4,Career_64
2,2,5,2,3,1,5,1,2,4,5,2,3,5,5,4,5,4,2,3,Career_64
3,5,5,2,4,3,4,2,3,3,1,2,2,1,4,1,2,4,3,1,Career_64
4,4,4,1,3,4,1,2,1,1,1,4,1,2,4,2,5,1,4,4,Career_64
1,3,3,2,1,1,5,3,3,1,2,1,2,3,5,4,3,2,1,3,Career_64
5,2,1,4,2,1,4,1,4,4,4,1,4,2,5,5,4,5,5,4,Career_64
4,2,3,1,4,4,5,2,5,4,4,5,4,3,1,1,1,3,4,5,Career_64
2,4,3,3,1,4,1,2,1,2,3,1,1,5,3,5,2,2,3,2,Career_64
3,2,4,1,4,3,3,4,1,1,5,2,5,1,4,2,4,5,3,4,Career_64
5,5,5,3,3,3,2,3,3,3,4,3,2,5,4,1,3,5,5,4,Career_64
1,2,5,5,5,5,4,1,5,2,2,3,5,5,5,5,5,2,1,1,Career_65
3,2,5,1,4,4,4,5,5,3,3,3,4,5,4,3,5,2,1,1,Career_65
3,4,2,5,4,3,4,3,1,1,4,2,5,3,5,1,2,2,5,1,Career_65
5,4,2,2,4,1,2,3,3,1,4,5,1,5,1,3,4,3,4,5,Career_65
1,2,2,4,4,3,2,3,5,2,5,1,3,4,2,3,4,1,2,5,Career_65
1,4,2,2,1,2,4,1,5,1,1,5,4,3,3,5,4,2,5,3,Career_65
4,1,4,4,3,3,2,2,5,1,2,3,4,5,2,4,4,2,1,1,Career_65
5,1,5,3,2,4,5,1,5,5,1,1,2,4,2,2,1,1,4,5,Career_65
2,4,2,5,2,3,4,1,2,4,4,2,1,1,2,4,1,2,2,2,Career_65
4,1,4,3,1,4,1,3,5,2,4,3,3,1,1,2,1,4,4,4,Career_65
5,4,1,1,4,3,3,3,2,5,4,2,3,4,2,1,3,2,1,3,Career_66
5,3,5,5,5,4,4,5,1,5,2,5,4,4,2,2,3,1,1,1,Career_66
4,1,3,3,1,2,3,2,4,3,2,1,4,5,5,1,4,4,4,4,Career_66
5,2,4,2,4,3,3,3,4,2,5,1,5,4,3,3,2,4,5,4,Career_66
4,3,5,1,3,5,2,3,2,3,4,5,2,3,2,3,3,1,1,1,Career_66
2,4,3,5,1,2,2,2,5,5,1,5,1,5,5,5,1,3,1,3,Career_66
2,2,1,3,3,3,2,1,4,3,3,4,1,3,1,3,5,3,5,1,Career_66
3,2,2,4,2,5,2,2,2,3,4,1,4,5,3,3,2,2,5,3,Career_66
1,4,3,1,1,4,1,5,1,5,1,2,1,5,1,1,1,5,1,4,Career_66
4,5,2,4,3,4,3,5,2,3,3,4,3,5,5,5,4,2,4,5,Career_66
4,5,1,1,3,2,1,5,4,4,3,4,1,4,1,1,2,3,5,1,Career_67
3,5,4,3,3,3,4,4,3,2,1,4,2,4,3,2,5,1,1,4,Career_67
1,5,2,2,3,2,4,5,3,4,4,4,1,4,1,2,1,4,5,5,Career_67
2,4,1,5,3,4,4,3,5,3,2,1,1,5,3,4,4,4,2,2,Career_67
4,5,2,2,1,1,5,2,2,3,5,5,3,3,1,5,5,3,4,4,Career_67
1,4,4,4,2,1,3,4,2,4,2,1,4,2,5,5,2,4,4,1,Career_67
1,3,1,4,3,1,2,5,1,1,2,4,2,1,4,3,1,2,3,5,Career_67
3,2,3,2,1,4,5,4,4,4,2,2,5,2,2,2,2,1,5,2,Career_67
5,3,1,2,1,1,3,5,1,4,3,4,3,4,4,1,1,3,5,1,Career_67
1,2,1,5,2,4,4,2,2,2,3,5,5,4,4,4,1,4,2,4,Career_67
2,3,1,1,5,3,2,3,1,2,3,1,2,2,1,2,1,4,4,2,Career_68
2,1,2,5,4,2,2,3,2,5,4,3,1,1,4,1,5,2,4,3,Career_68
2,1,1,3,5,3,4,3,1,5,5,3,4,1,2,5,3,4,4,1,Career_68
5,1,2,2,2,4,5,1,1,2,5,5,3,5,5,1,5,5,1,5,Career_68
1,3,4,1,1,5,1,2,2,3,1,5,5,4,3,5,4,5,4,2,Career_68
2,5,3,1,3,3,1,2,2,1,4,3,5,2,5,1,5,5,3,1,Career_68
5,2,1,2,4,5,1,2,5,3,2,2,4,3,4,3,2,4,5,3,Career_68
2,1,3,3,5,3,3,5,5,4,2,2,4,2,3,4,4,2,1,2,Career_68
1,4,1,3,5,1,5,3,5,3,5,5,2,1,5,4,2,1,2,1,Career_68
3,5,4,2,2,2,2,5,1,5,3,5,5,3,5,1,4,3,2,1,Career_68
4,1,1,2,4,1,2,3,2,5,2,2,2,1,4,2,2,5,5,3,Career_69
3,5,4,3,4,5,3,2,5,3,4,4,3,4,3,3,4,1,2,5,Career_69
2,5,5,2,3,4,1,1,1,2,2,3,1,3,1,2,4,4,4,4,Career_69
5,1,4,5,5,5,3,3,5,4,1,2,3,4,4,2,2,4,2,4,Career_69
2,2,4,5,4,1,2,3,2,1,3,3,4,5,4,3,3,5,2,5,Career_69
4,2,4,5,2,5,1,3,2,3,1,2,3,3,2,3,3,2,3,3,Career_69
4,4,1,4,4,1,3,3,4,1,3,5,2,2,2,4,2,2,5,3,Career_69
5,4,2,3,2,2,4,2,1,3,3,1,4,2,2,3,4,4,4,2,Career_69
4,1,5,4,5,2,4,3,2,1,1,5,5,3,3,1,4,1,1,3,Career_69
5,3,3,3,1,4,1,2,3,3,2,3,3,3,2,1,3,4,2,5,Career_69
2,1,2,5,4,5,2,5,2,4,4,1,4,3,5,5,2,4,1,1,Career_70
1,3,4,1,3,5,2,4,4,5,4,4,4,4,3,3,2,4,5,1,Career_70
2,1,1,4,5,1,1,2,5,5,1,5,2,2,2,4,1,5,2,1,Career_70
1,4,5,5,2,2,1,5,5,2,3,1,5,4,4,3,2,2,2,4,Career_70
2,4,3,1,5,3,4,3,5,1,5,4,5,3,2,3,4,1,5,1,Career_70
4,5,3,3,4,5,3,4,4,1,3,5,3,3,3,4,2,2,1,3,Career_70
2,1,4,3,5,4,1,4,5,4,1,5,5,4,5,4,3,5,4,3,Career_70
5,3,5,1,1,4,2,1,2,3,3,2,4,5,2,2,2,2,2,4,Career_70
1,5,1,2,1,4,3,1,5,4,3,4,2,3,5,3,5,2,5,4,Career_70
1,4,4,3,2,1,5,3,2,1,4,2,2,2,4,5,3,5,1,3,Career_70
1,4,5,2,3,2,1,2,2,4,4,5,1,4,4,5,3,5,2,2,Career_71
4,4,5,5,1,2,5,3,1,5,4,5,4,4,2,2,5,5,3,1,Career_71
1,5,2,3,1,5,2,2,2,4,2,5,3,5,2,3,1,1,5,3,Career_71
5,3,3,5,3,2,3,3,5,1,4,3,4,3,5,5,3,5,5,3,Career_71
1,3,1,5,1,5,1,1,3,1,5,3,1,3,4,3,4,4,3,5,Career_71
5,5,2,4,3,5,5,3,4,3,2,2,3,4,5,2,2,4,2,2,Career_71
4,3,5,5,2,5,3,2,5,1,1,1,1,1,2,4,4,2,2,3,Career_71
4,1,2,1,4,5,5,2,3,1,2,3,1,4,5,3,1,2,1,2,Career_71
5,5,1,1,2,2,3,3,3,1,3,1,5,4,5,1,1,4,2,2,Career_71
2,3,2,3,3,2,2,4,4,3,4,3,1,3,3,4,1,5,5,5,Career_71
1,2,1,4,3,3,4,4,3,2,2,2,4,3,3,3,1,1,5,1,Career_72
2,2,2,2,5,2,4,4,4,1,3,5,4,4,2,4,2,2,3,1,Career_72
2,2,3,2,5,1,5,4,1,4,2,3,5,4,2,5,5,4,2,3,Career_72
4,5,5,1,2,1,3,4,5,2,5,1,1,4,2,2,4,1,1,1,Career_72
5,3,1,3,3,2,4,5,3,5,2,1,3,4,2,5,1,5,4,3,Career_72
4,5,5,4,4,4,1,5,2,1,1,1,2,4,5,3,3,5,2,3,Career_72
1,3,5,1,3,5,2,5,2,1,5,4,4,4,4,4,2,5,1,4,Career_72
4,1,1,4,2,1,5,5,2,3,2,4,3,4,5,1,4,5,2,4,Career_72
5,1,4,5,4,1,4,4,5,3,4,3,2,4,3,2,5,4,5,2,Career_72
5,5,1,2,5,3,2,1,4,5,3,1,2,5,1,1,3,4,4,4,Career_72
2,1,2,1,3,3,2,2,3,5,4,4,3,4,5,5,1,2,4,5,Career_73
2,2,1,2,2,3,1,1,4,2,4,5,2,5,3,2,4,4,2,4,Career_73
2,1,4,2,2,4,1,4,2,1,5,3,4,2,1,1,5,4,1,5,Career_73
2,5,4,5,1,1,3,5,2,4,3,5,2,3,1,4,5,2,1,3,Career_73
4,3,3,2,1,5,2,4,3,4,2,2,5,3,2,4,5,4,3,5,Career_73
5,5,1,5,4,4,3,2,2,1,5,1,3,3,2,3,5,4,3,1,Career_73
5,3,3,5,3,4,2,5,1,3,2,1,1,4,2,5,2,2,1,4,Career_73
4,2,2,3,1,5,5,4,1,4,5,2,1,1,3,2,2,4,1,4,Career_73
2,3,1,2,3,5,2,5,4,5,2,5,1,2,3,5,1,4,4,5,Career_73
4,3,2,1,5,4,2,3,4,4,1,3,3,5,1,5,1,3,1,1,Career_73
1,2,2,3,1,3,2,1,5,2,2,2,1,4,5,5,3,1,2,4,Career_74
1,1,4,2,1,5,5,4,2,4,1,5,3,4,3,3,5,4,3,1,Career_74
2,2,5,4,4,2,1,2,2,4,3,1,4,2,3,1,5,1,1,2,Career_74
2,5,5,5,4,4,2,2,5,4,3,4,2,4,2,5,5,5,3,3,Career_74
2,1,3,2,4,5,5,5,2,5,3,4,5,2,4,5,1,5,3,4,Career_74
3,1,1,3,4,1,1,5,2,1,4,4,5,4,5,1,1,1,1,2,Career_74
2,1,4,5,3,5,3,3,1,3,1,2,4,3,4,1,3,5,2,2,Career_74
3,2,5,4,5,2,4,5,1,1,4,4,4,1,5,4,1,4,4,4,Career_74
1,5,1,1,4,3,3,3,1,4,3,2,2,2,5,4,1,1,4,5,Career_74
4,5,3,3,5,4,3,4,3,4,4,2,5,1,5,4,4,5,4,3,Career_74
4,5,5,5,2,2,2,2,2,2,2,5,1,2,5,1,2,1,1,3,Career_75
4,3,1,5,2,4,2,5,4,3,1,5,1,1,2,5,1,3,4,5,Career_75
2,5,2,4,3,1,5,2,4,1,4,3,1,1,1,2,1,4,2,1,Career_75
4,4,5,4,3,1,1,1,4,4,1,2,2,3,5,3,1,1,1,5,Career_75
4,5,3,4,4,3,4,2,3,3,2,5,5,5,4,2,3,3,3,4,Career_75
4,5,4,5,5,3,4,5,2,2,4,3,3,5,4,2,5,5,1,4,Career_75
5,2,1,2,3,1,1,5,3,5,4,2,2,5,2,2,4,3,1,5,Career_75
5,4,4,1,3,5,4,5,2,5,3,3,5,2,3,4,5,2,4,5,Career_75
2,4,3,5,5,3,1,4,3,5,4,4,1,5,2,1,1,2,2,1,Career_75
4,3,3,1,4,2,1,5,4,5,5,1,4,5,4,3,5,5,4,3,Career_75
5,1,4,4,5,3,5,2,5,2,1,4,4,3,5,1,2,3,1,1,Career_76
2,2,4,5,3,5,3,1,2,2,1,1,3,1,3,5,2,2,2,5,Career_76
5,4,3,3,4,2,3,3,2,1,1,4,5,3,3,4,4,3,2,2,Career_76
5,3,3,3,3,4,1,3,1,2,5,2,3,2,4,1,3,4,1,4,Career_76
2,3,2,5,3,2,3,1,3,3,1,2,3,4,3,2,1,2,5,3,Career_76
3,1,3,4,4,2,1,5,2,1,1,2,2,3,5,4,3,1,5,5,Career_76
2,5,5,1,3,5,2,3,2,5,3,5,1,3,2,1,4,2,5,2,Career_76
4,2,1,2,3,4,2,4,1,3,5,2,1,4,4,1,2,5,2,3,Career_76
2,3,4,3,5,1,3,2,3,4,3,5,3,5,2,4,1,2,2,1,Career_76
3,3,3,4,2,5,1,2,3,1,5,2,2,4,2,2,5,5,1,3,Career_76
5,1,2,1,1,1,1,5,3,1,4,2,2,2,2,2,1,3,4,5,Career_77
4,5,5,4,1,2,1,2,3,5,4,3,2,1,4,5,3,5,2,5,Career_77
1,3,3,1,5,1,4,1,5,1,2,1,1,5,4,4,5,5,5,2,Career_77
3,1,5,5,5,4,5,1,5,1,2,3,4,1,2,3,3,3,1,2,Career_77
5,2,2,2,1,1,1,2,1,3,1,4,1,1,1,1,4,5,1,3,Career_77
4,5,1,5,3,4,4,5,1,2,4,2,4,1,1,4,5,1,1,3,Career_77
1,3,1,1,5,5,1,4,4,1,4,1,5,2,3,4,4,5,4,1,Career_77
1,2,2,2,1,2,2,1,5,4,3,1,1,3,3,2,3,4,4,4,Career_77
4,4,2,1,3,1,3,2,2,5,5,2,2,3,2,1,3,2,3,3,Career_77
4,5,3,3,4,2,3,4,1,4,5,5,2,2,5,5,3,5,2,5,Career_77
2,1,5,2,4,3,2,5,5,1,4,2,4,1,3,4,1,2,3,5,Career_78
1,5,3,1,1,3,2,1,3,4,5,1,4,1,2,3,1,3,1,2,Career_78
2,4,2,3,2,1,2,3,1,4,4,4,1,4,2,1,1,1,5,3,Career_78
5,5,5,3,5,4,1,1,2,4,3,1,5,2,2,1,4,2,1,4,Career_78
1,1,4,4,4,1,2,3,3,1,1,2,4,1,5,4,1,5,2,5,Career_78
1,3,1,3,2,2,4,4,3,3,2,5,3,3,5,4,4,3,4,4,Career_78
4,2,1,3,3,2,1,1,2,5,5,1,5,5,5,1,5,3,1,2,Career_78
5,4,1,2,3,2,5,4,5,2,1,4,4,2,5,2,4,2,4,5,Career_78
1,1,2,4,1,4,5,2,4,2,4,4,5,2,3,4,4,1,2,3,Career_78
5,3,5,3,3,2,1,3,4,4,4,1,3,5,5,2,1,3,4,1,Career_78
1,3,2,2,2,4,4,3,2,3,2,1,5,5,2,3,4,2,2,4,Career_79
2,1,4,1,5,4,4,3,3,4,5,2,3,5,5,3,2,3,5,1,Career_79
3,5,3,5,2,5,4,1,5,3,3,5,4,5,2,4,5,1,4,5,Career_79
1,5,2,3,5,4,5,5,5,5,4,4,5,3,5,4,2,5,5,5,Career_79
5,1,5,4,4,1,5,3,5,4,2,2,3,5,1,5,3,3,3,2,Career_79
5,5,1,3,3,4,4,2,5,1,1,3,1,3,5,1,3,5,5,3,Career_79
3,2,5,3,5,1,4,4,3,3,5,3,5,3,5,3,2,5,2,2,Career_79
2,2,1,4,1,3,3,4,4,4,2,1,3,1,1,1,4,4,3,3,Career_79
3,1,4,2,1,5,1,4,5,1,4,4,2,1,4,3,4,2,4,1,Career_79
1,5,1,5,3,2,3,5,4,4,3,4,5,2,1,5,5,1,1,2,Career_79
2,2,4,5,1,5,5,2,2,5,2,4,1,5,1,4,2,3,4,3,Career_80
1,5,2,4,2,3,3,5,3,5,4,5,3,1,5,2,1,5,2,1,Career_80
5,4,2,4,3,5,5,2,5,3,5,1,4,3,3,4,4,3,4,2,Career_80
4,1,1,2,4,1,5,4,2,4,3,3,1,3,2,1,2,2,3,3,Career_80
2,3,3,3,4,2,5,2,1,3,3,5,1,4,2,4,1,5,1,5,Career_80
4,4,1,1,3,5,3,2,2,1,4,2,2,3,3,2,1,3,2,4,Career_80
3,2,5,3,5,3,3,5,1,2,1,1,2,4,1,1,1,4,3,5,Career_80
5,4,1,5,4,2,5,2,1,5,4,3,5,5,5,5,4,4,3,4,Career_80
4,1,1,2,3,1,3,3,5,3,5,2,2,2,5,5,2,5,4,4,Career_80
5,5,1,1,3,3,3,2,4,2,5,1,5,5,1,5,3,1,5,3,Career_80
3,4,3,2,1,1,1,5,5,2,3,5,3,3,5,5,2,4,1,5,Career_81
5,3,4,5,4,1,3,2,1,4,4,1,4,2,2,4,4,2,4,5,Career_81
3,5,4,4,3,4,3,2,3,3,5,4,2,1,3,1,4,3,1,5,Career_81
1,5,2,4,1,3,4,1,3,3,3,3,1,2,5,5,5,2,3,3,Career_81
4,5,5,3,5,3,3,3,1,1,1,1,2,4,4,3,5,1,4,4,Career_81
1,2,2,4,2,1,4,1,2,1,2,2,1,2,3,1,3,1,2,2,Career_81
4,4,3,2,4,2,1,4,3,4,2,5,5,2,1,4,5,1,2,1,Career_81
2,4,1,4,1,2,2,1,2,3,3,4,3,3,5,5,5,5,2,4,Career_81
4,3,4,3,4,1,1,4,2,3,4,3,5,4,2,5,4,1,4,1,Career_81
1,4,4,1,3,5,2,4,5,5,3,5,4,5,4,4,1,3,2,1,Career_81
2,4,1,5,5,2,4,2,3,5,1,1,1,5,4,5,5,1,5,1,Career_82
4,3,1,2,3,4,3,1,4,2,1,1,4,4,3,2,3,3,1,4,Career_82
1,2,3,2,4,4,5,2,1,2,3,4,4,2,2,2,3,3,1,2,Career_82
1,5,3,4,5,4,5,1,1,3,4,5,2,2,3,4,2,3,3,4,Career_82
2,2,2,1,2,5,1,1,1,1,3,5,4,2,1,4,3,4,1,5,Career_82
4,1,1,2,2,5,2,5,3,3,2,3,4,4,4,3,4,5,1,2,Career_82
5,4,1,2,5,2,3,4,5,5,1,1,1,2,4,2,4,5,2,2,Career_82
2,3,4,4,2,3,2,4,5,3,3,2,5,4,1,4,4,5,3,4,Career_82
3,5,5,2,1,5,5,3,5,4,2,2,4,5,1,5,2,1,3,3,Career_82
5,5,1,1,5,2,3,1,2,5,4,1,4,2,3,2,3,2,1,1,Career_82
4,2,2,4,5,2,2,2,5,1,4,5,3,3,5,5,1,3,4,2,Career_83
2,1,1,3,4,4,5,1,2,2,3,2,4,4,1,3,2,1,5,5,Career_83
2,2,2,4,2,5,2,3,5,3,5,1,5,5,3,3,5,5,4,1,Career_83
1,2,5,5,5,5,1,3,4,3,3,1,4,5,1,1,4,2,1,3,Career_83
3,5,1,5,1,4,1,2,3,4,3,5,4,2,3,1,1,1,4,2,Career_83
2,2,3,4,1,3,2,1,4,5,2,2,2,2,1,4,3,1,4,3,Career_83
2,4,2,4,5,2,2,2,1,3,2,2,1,1,5,4,2,4,1,1,Career_83
5,3,1,2,5,3,5,1,3,4,3,2,4,4,2,4,1,3,3,2,Career_83
1,4,3,3,3,3,5,2,4,4,2,1,2,3,3,2,2,4,4,5,Career_83
5,3,5,5,1,2,4,5,4,5,5,3,1,2,2,3,3,2,2,1,Career_83
5,1,2,5,2,1,1,1,5,4,4,2,5,3,4,5,5,4,5,5,Career_84
4,1,2,3,2,1,1,5,2,1,2,1,3,1,2,5,2,4,2,3,Career_84
3,3,1,3,2,5,3,2,1,1,5,5,2,5,5,1,2,5,2,3,Career_84
1,1,1,4,2,3,5,3,2,1,4,2,2,5,3,3,5,4,1,1,Career_84
4,5,2,3,2,3,2,5,5,4,2,2,4,4,5,5,2,5,5,2,Career_84
4,2,1,2,1,2,1,1,2,5,3,5,1,2,2,2,2,3,4,1,Career_84
3,5,4,4,2,3,5,2,2,1,4,5,4,3,1,2,1,2,1,2,Career_84
4,4,4,4,1,2,4,1,2,1,4,3,1,4,5,2,4,5,1,1,Career_84
5,5,2,1,5,3,3,5,2,1,3,5,5,4,5,2,3,4,3,3,Career_84
2,5,2,5,4,2,2,1,2,1,5,5,5,1,5,3,2,1,5,3,Career_84
2,2,5,3,1,5,2,2,2,5,4,4,4,3,5,2,3,4,1,3,Career_85
3,5,3,5,1,2,2,4,4,1,2,4,3,5,4,1,2,1,5,5,Career_85
1,4,4,2,2,3,3,2,3,1,4,3,3,1,5,2,1,5,1,4,Career_85
1,1,4,2,5,3,2,1,3,4,2,5,2,2,3,4,4,2,4,3,Career_85
3,5,4,5,1,3,2,3,1,2,4,4,3,2,2,5,1,4,3,2,Career_85
4,3,4,3,4,5,1,4,1,4,2,5,5,1,2,3,5,2,2,1,Career_85
2,2,3,1,1,2,3,4,5,1,3,3,2,5,1,4,2,1,1,3,Career_85
5,4,5,3,4,4,2,4,1,5,5,2,4,3,1,2,4,3,4,2,Career_85
3,3,3,3,4,3,4,3,3,2,4,4,5,2,4,2,2,2,1,4,Career_85
2,1,1,3,3,4,3,4,1,1,4,3,3,4,5,3,2,3,5,1,Career_85
1,1,3,1,5,5,3,2,3,1,3,5,3,3,2,5,4,4,5,4,Career_86
1,4,1,5,4,4,1,1,3,2,4,2,2,4,1,3,5,4,4,5,Career_86
2,3,2,5,5,3,5,5,3,4,2,4,4,2,4,3,2,1,4,5,Career_86
2,1,5,1,4,5,4,5,2,3,3,1,5,4,2,2,2,3,4,2,Career_86
2,1,5,5,5,1,3,1,2,4,2,2,4,5,1,3,2,2,3,1,Career_86
2,3,2,5,5,2,2,5,2,1,1,4,1,2,2,3,1,5,5,4,Career_86
3,5,4,1,3,3,2,1,3,4,5,1,1,3,3,3,4,2,3,2,Career_86
2,1,5,5,4,4,5,5,1,1,5,3,3,1,2,5,4,3,2,3,Career_86
2,5,5,5,1,2,4,4,5,4,3,2,2,2,3,1,3,2,2,2,Career_86
4,1,3,2,5,1,5,1,2,1,1,2,5,5,4,5,5,1,4,2,Career_86
2,3,4,1,3,3,2,5,1,4,3,1,2,3,3,2,2,2,1,1,Career_87
1,5,3,1,5,3,1,2,4,1,4,1,2,4,5,2,4,4,2,2,Career_87
2,3,5,1,4,1,2,5,5,3,2,4,3,2,3,1,2,4,4,2,Career_87
3,5,2,4,1,4,5,4,5,2,4,3,3,4,4,1,4,1,1,1,Career_87
1,2,3,1,3,1,3,4,4,3,1,2,3,5,2,5,3,1,5,3,Career_87
2,1,5,3,1,1,4,1,3,2,4,3,3,3,5,5,2,3,5,5,Career_87
5,2,2,3,4,3,5,5,1,3,5,5,4,1,3,2,3,3,4,3,Career_87
4,4,5,2,4,1,1,2,4,2,5,1,3,1,4,2,1,3,3,2,Career_87
2,1,4,5,3,2,5,5,5,4,2,3,2,1,3,2,3,1,3,5,Career_87
4,1,3,1,5,4,1,5,5,5,3,2,1,2,5,2,5,5,4,4,Career_87
2,1,2,1,2,3,3,1,4,1,2,5,3,5,3,2,3,1,5,5,Career_88
2,5,2,4,1,3,3,3,4,1,5,5,1,1,3,5,1,5,1,2,Career_88
3,1,4,1,2,4,4,1,2,4,3,3,5,5,2,4,3,3,2,4,Career_88
2,1,3,2,2,1,5,3,2,3,5,2,1,3,1,5,5,3,5,4,Career_88
3,4,5,3,4,5,2,2,1,2,4,2,3,3,3,2,2,1,5,1,Career_88
4,3,2,5,5,2,1,5,1,2,1,3,2,2,5,5,5,3,3,4,Career_88
2,5,2,1,3,4,1,2,3,5,1,3,2,2,1,1,1,4,5,3,Career_88
2,2,5,1,1,2,5,2,1,3,1,3,4,5,4,1,5,1,5,5,Career_88
1,1,5,5,1,1,2,2,2,4,5,3,4,5,3,2,3,1,1,5,Career_88
4,2,5,2,1,4,4,1,3,4,3,2,4,1,3,2,2,4,4,5,Career_88
5,4,5,1,1,5,4,1,2,4,3,3,4,5,1,1,4,2,5,2,Career_89
4,4,2,3,4,5,2,3,2,3,3,5,4,3,4,5,4,1,3,5,Career_89
2,5,3,5,2,1,3,3,5,4,4,2,1,1,5,5,4,1,1,1,Career_89
2,2,5,4,3,4,2,2,5,3,1,3,3,3,5,2,1,3,1,3,Career_89
2,1,4,2,1,3,3,2,2,3,1,4,5,2,3,1,2,1,2,3,Career_89
1,3,1,2,5,5,4,4,3,1,4,2,5,1,5,1,4,4,3,1,Career_89
2,4,3,4,5,4,1,3,1,2,2,4,3,3,3,3,4,1,4,1,Career_89
5,5,1,4,2,4,2,4,3,3,5,5,1,2,3,4,1,4,3,3,Career_89
3,3,4,1,3,5,1,5,4,3,1,3,3,1,3,3,2,2,1,1,Career_89
3,5,1,3,5,2,1,3,2,4,2,3,5,4,4,4,1,3,4,2,Career_89
5,3,2,1,4,2,3,2,1,5,4,3,4,4,4,2,2,5,1,3,Career_90
2,4,1,3,3,3,3,5,3,1,2,1,4,5,5,4,1,1,4,3,Career_90
3,2,1,1,4,4,3,1,1,5,2,2,3,1,5,1,4,3,2,1,Career_90
3,2,1,5,3,1,2,2,5,3,3,1,2,2,5,5,3,2,1,4,Career_90
1,5,1,2,3,4,3,4,4,2,2,5,5,4,5,2,5,4,3,1,Career_90
5,2,3,2,5,4,1,1,3,1,4,2,4,3,3,1,4,2,4,2,Career_90
2,4,5,4,2,3,3,1,3,5,2,4,4,5,3,2,3,1,3,1,Career_90
4,2,1,3,3,4,5,5,3,5,2,5,2,3,3,3,4,5,1,1,Career_90
3,5,2,1,3,1,1,1,3,3,4,4,4,1,5,3,4,5,4,4,Career_90
5,4,1,1,1,2,4,2,3,5,3,2,1,4,4,1,4,5,5,5,Career_90
3,1,5,2,5,3,2,1,1,5,2,2,5,5,4,4,5,3,4,5,Career_91
2,4,3,1,2,3,3,3,2,3,1,4,2,3,5,4,2,5,5,3,Career_91
2,3,1,5,1,3,4,5,4,2,5,1,4,2,5,2,1,5,2,3,Career_91
5,5,5,5,3,1,3,3,2,4,4,2,3,2,5,2,2,5,4,5,Career_91
1,2,2,4,3,5,3,1,5,1,1,1,5,5,4,2,3,3,1,5,Career_91
5,1,2,3,4,2,5,1,3,1,5,1,3,1,3,1,1,3,1,2,Career_91
4,2,4,2,4,1,3,3,5,4,5,5,4,3,4,1,5,5,4,5,Career_91
3,5,4,3,3,5,4,5,1,1,3,5,1,2,1,5,5,1,5,5,Career_91
2,3,5,4,3,3,4,1,2,5,1,4,2,2,2,4,1,5,2,2,Career_91
1,2,2,4,3,1,1,1,4,4,5,4,1,5,3,2,2,5,3,2,Career_91
5,4,1,3,2,1,5,2,1,4,3,5,2,4,3,3,4,2,3,5,Career_92
1,5,3,1,4,1,1,1,3,2,3,2,4,4,4,4,4,5,3,2,Career_92
4,5,5,5,3,4,5,5,4,3,5,2,1,1,1,3,5,1,1,4,Career_92
5,5,4,5,2,3,4,1,5,2,2,3,2,5,5,2,5,5,1,4,Career_92
5,5,3,4,4,4,2,1,1,3,4,4,5,2,2,3,1,4,3,2,Career_92
2,2,4,4,4,5,1,2,2,5,2,2,4,4,1,2,3,2,2,1,Career_92
3,2,3,4,4,3,2,3,3,4,3,5,5,4,2,2,4,2,1,5,Career_92
1,1,1,4,1,3,2,4,3,3,5,5,3,5,2,2,5,1,3,2,Career_92
5,5,2,2,1,5,5,4,1,2,2,3,2,5,2,5,5,1,2,1,Career_92
5,2,2,1,1,5,5,2,2,4,4,3,5,3,3,1,1,4,3,4,Career_92
5,2,1,5,5,1,1,3,4,5,3,3,5,5,2,4,5,1,2,4,Career_93
1,1,4,2,1,3,4,4,5,2,3,3,5,1,1,3,2,1,4,5,Career_93
2,1,3,5,1,3,1,5,4,4,3,4,5,3,1,2,1,5,3,1,Career_93
3,4,2,5,1,2,5,5,4,3,3,2,4,5,4,4,2,3,4,4,Career_93
4,1,4,4,5,1,4,4,2,2,1,5,1,1,2,2,5,4,5,4,Career_93
3,2,3,3,2,3,1,4,5,2,1,5,5,5,3,3,3,3,1,3,Career_93
2,5,1,3,5,1,5,1,4,1,3,5,5,5,2,2,3,4,2,1,Career_93
3,4,1,5,2,1,4,3,1,3,5,4,4,2,4,1,1,1,5,4,Career_93
4,1,2,2,4,4,3,4,1,5,4,4,1,3,4,2,2,2,5,5,Career_93
4,4,4,5,4,1,3,2,2,1,4,5,4,4,2,2,5,2,4,1,Career_93
5,1,4,5,1,5,4,5,4,5,5,2,4,3,5,1,2,2,5,3,Career_94
2,4,5,5,3,4,4,3,1,4,1,1,5,5,2,5,4,4,1,4,Career_94
5,5,5,3,4,2,4,4,3,4,1,5,5,3,5,1,3,2,5,4,Career_94
1,1,5,2,4,2,2,5,4,5,5,1,5,3,4,1,4,1,3,5,Career_94
1,1,1,3,4,3,1,1,5,3,3,2,4,2,2,4,5,5,4,4,Career_94
3,3,3,3,1,1,5,1,1,3,3,4,3,4,4,1,3,1,3,1,Career_94
1,1,5,1,2,2,2,4,1,2,4,2,3,5,1,5,5,3,3,3,Career_94
4,2,1,3,1,1,1,3,3,2,3,3,1,2,5,3,3,5,1,2,Career_94
1,4,3,4,3,4,5,3,3,4,2,4,3,3,2,1,2,1,3,5,Career_94
5,4,2,2,5,1,2,1,1,1,1,4,4,5,4,2,4,2,2,1,Career_94
5,1,1,4,4,2,4,4,3,2,2,3,2,5,5,3,4,5,3,5,Career_95
1,3,2,5,2,3,5,2,4,4,1,3,2,1,3,4,2,5,4,5,Career_95
5,2,2,5,1,5,5,2,3,4,2,1,4,2,2,3,1,1,2,3,Career_95
2,5,5,3,2,3,2,2,5,4,1,1,3,1,5,4,2,2,5,1,Career_95
2,1,5,2,3,4,1,1,1,1,5,5,5,5,2,5,2,3,5,3,Career_95
5,3,4,3,2,1,3,1,4,4,2,2,3,5,4,1,5,4,3,4,Career_95
2,1,1,2,5,2,1,3,5,4,3,5,1,1,3,5,4,4,2,3,Career_95
5,3,4,5,1,1,5,3,3,1,1,4,5,3,4,3,1,5,2,5,Career_95
2,4,2,2,4,5,4,1,1,2,4,4,4,5,3,3,3,5,4,3,Career_95
4,2,3,2,5,1,5,5,5,3,2,3,1,5,4,1,2,1,3,4,Career_95
3,5,5,1,5,5,2,2,3,3,2,1,2,3,4,5,4,4,5,2,Career_96
1,4,1,3,4,3,2,4,3,3,2,1,1,4,2,4,1,2,5,2,Career_96
2,5,3,3,3,1,2,5,1,5,1,1,1,5,4,1,3,2,4,4,Career_96
5,4,5,5,3,1,4,1,1,1,5,1,4,5,4,5,2,2,2,2,Career_96
5,1,3,3,2,1,4,1,4,3,1,1,3,1,4,1,4,2,1,4,Career_96
3,2,1,4,1,4,1,2,2,1,1,5,1,1,2,1,3,1,5,4,Career_96
2,3,4,3,2,5,2,3,3,2,1,2,5,2,4,1,4,2,1,4,Career_96
4,1,1,3,1,2,5,3,1,5,3,2,5,1,1,2,3,5,2,3,Career_96
4,4,3,1,1,4,1,1,3,3,1,3,5,4,5,5,1,1,5,5,Career_96
2,2,4,5,3,2,1,5,3,3,3,1,2,3,2,4,1,2,2,3,Career_96
3,1,2,5,3,3,4,1,2,2,2,3,1,2,5,4,4,2,3,4,Career_97
4,4,4,2,1,1,3,5,1,5,1,1,3,4,3,1,4,4,4,5,Career_97
1,2,3,5,3,2,4,2,3,2,1,2,1,2,1,1,2,5,4,4,Career_97
4,1,4,1,5,2,2,1,1,5,4,5,2,2,4,2,1,2,3,4,Career_97
4,4,3,5,1,4,2,1,2,1,1,2,2,1,4,2,3,3,1,5,Career_97
1,1,4,4,5,5,5,5,5,1,1,3,3,2,1,5,2,4,1,3,Career_97
1,1,1,1,4,3,1,4,2,1,4,5,2,3,1,1,4,3,5,2,Career_97
3,1,4,5,4,2,3,4,4,1,4,5,3,2,4,5,2,5,4,4,Career_97
3,1,5,1,1,2,2,5,1,3,1,2,1,4,4,3,5,1,4,5,Career_97
4,5,5,4,2,5,1,4,2,4,3,1,3,5,5,3,3,5,2,1,Career_97
4,3,1,4,4,3,2,2,1,1,5,2,1,5,4,1,5,2,4,1,Career_98
2,4,3,2,3,1,5,1,2,3,3,4,1,1,2,3,2,2,3,2,Career_98
3,2,5,2,2,5,1,3,4,5,1,2,1,5,2,1,4,3,3,5,Career_98
2,2,3,1,2,4,4,2,2,3,5,3,5,4,5,3,2,5,3,4,Career_98
5,4,4,1,5,3,5,5,4,4,4,4,3,2,1,4,4,1,4,2,Career_98
5,1,3,1,2,3,5,4,1,3,1,5,1,3,2,3,1,5,4,4,Career_98
5,1,5,1,3,2,1,4,4,2,1,2,3,2,3,4,3,1,1,1,Career_98
1,5,3,1,2,2,5,3,3,3,5,3,3,1,3,1,1,3,2,4,Career_98
2,3,3,2,3,1,5,3,3,2,1,2,2,3,1,3,3,3,3,5,Career_98
4,1,5,4,4,4,5,1,2,4,2,2,3,2,3,1,1,3,1,4,Career_98
1,3,4,2,2,2,3,2,1,2,5,5,2,2,5,2,4,5,3,5,Career_99
1,4,3,2,1,1,4,3,1,3,3,1,3,4,1,4,4,3,3,1,Career_99
2,1,4,3,4,5,5,4,2,2,1,1,1,3,2,4,5,2,2,2,Career_99
1,3,4,1,3,2,3,1,2,1,4,2,3,1,5,3,3,2,3,1,Career_99
5,4,5,1,2,1,3,2,4,4,1,3,4,5,2,5,4,4,1,1,Career_99
2,1,3,2,3,1,2,4,5,4,3,4,4,5,5,4,5,4,2,4,Career_99
1,5,5,3,3,1,5,5,3,3,4,5,5,4,5,1,3,3,3,2,Career_99
1,1,4,2,5,1,2,2,1,4,2,3,2,5,1,5,4,3,1,2,Career_99
3,2,4,1,4,4,4,4,2,5,2,3,4,3,2,4,2,4,2,1,Career_99
5,5,4,1,3,1,4,1,3,4,5,1,5,5,2,3,1,5,5,3,Career_99
5,5,5,5,2,2,4,1,3,4,2,2,2,4,2,4,2,5,5,1,Career_100
2,1,4,1,2,4,4,5,4,4,1,4,3,5,5,4,1,5,5,3,Career_100
4,5,5,5,5,1,2,3,1,3,5,3,4,4,2,2,3,1,1,5,Career_100
1,2,1,5,4,1,1,2,3,4,3,5,5,3,2,2,2,4,5,5,Career_100
5,4,5,3,1,4,1,3,2,2,2,4,2,4,4,1,2,5,2,2,Career_100
2,5,5,4,5,4,1,4,2,3,3,2,4,2,5,4,2,5,5,4,Career_100
1,1,5,1,5,1,5,5,5,5,3,1,5,2,4,2,2,3,1,3,Career_100
1,5,3,4,1,3,4,2,5,5,2,3,2,4,1,3,1,2,5,1,Career_100
1,5,1,1,5,5,2,2,1,3,2,2,3,3,5,2,4,4,1,2,Career_100
4,2,2,4,2,3,1,5,4,5,1,3,3,3,3,4,4,2,2,1,Career_100
